Product Name,PLU,UOM,Step,Property Clarification,Weight,Nutrients Protein,Nutrients Fat,Nutrients Carbs,Nutrients Calories,Score
Кофе Латте 330мл,78034281,шт,1.0,330 мл,330.0,6.84,6.85,9.65,127.61,46.5
Кофе Большой Капучино 270мл,78034282,шт,1.0,270 мл,270.0,5.25,5.26,7.17,97.02,5.0
Кофе Американо Гранде 320мл,78034285,шт,1.0,320 мл,320.0,0.47,0.48,0.11,6.64,5.0
Кофе Флэт Уайт 200мл,78034280,шт,1.0,200 мл,200.0,4.81,4.83,6.49,88.67,5.33
Кофе Большой Американо 230мл,78034284,шт,1.0,230 мл,230.0,0.41,0.42,0.09,5.78,6.0
Кофе Двойной Эспрессо 100мл,78034283,шт,1.0,100 мл,100.0,0.5,0.51,0.12,7.07,5.67
Кофе с молоком 260мл,78034286,шт,1.0,260 мл,260.0,5.32,5.33,7.38,98.77,6.33
Каша Рисовая на молоке Пятерочка Кафе 200г,4216695,шт,1.0,200 г,200.0,2.5,3.0,15.0,95.0,6.33
Каша пшенная на молоке Пятерочка Кафе 200г,4260436,шт,1.0,200 г,200.0,3.0,3.0,13.0,95.0,6.33
Сырники с малиновой начинкой Рестория Шеф 140г,4235408,шт,1.0,140 г,140.0,9.7,15.5,25.6,280.7,6.0
Запеканка Вкус & Польза творожная с черной смородиной 200г,4362366,шт,1.0,200 г,200.0,11.4,5.0,21.6,177.0,6.67
Блинчики без начинки Пятерочка Кафе 200г,4355855,шт,1.0,200 г,200.0,5.8,8.8,22.0,190.0,5.67
Сырники Вкус & Польза творожные 340г,4362582,шт,1.0,340 г,340.0,10.0,6.0,21.0,180.0,6.67
Каша Гурьевская на топленом молоке с изюмом Пятерочка Кафе 200г,4260437,шт,1.0,200 г,200.0,2.5,4.0,13.0,100.0,7.0
Блинчики с ветчиной и сыром Пятерочка Кафе 160г,4365538,шт,1.0,160 г,160.0,11.0,8.0,26.0,220.0,5.33
Сэндвич куриный с беконом Пятерочка Кафе 185г,4344431,шт,1.0,185 г,185.0,8.1,16.2,21.6,264.0,4.67
Онигири с крабовыми палочками и соусом Спайси Пятерочка Кафе 110г,4342266,шт,1.0,110 г,110.0,2.7,6.8,32.0,200.0,4.0
Онигири с кальмаром и соусом Том Ям Пятерочка Кафе 110г,4342268,шт,1.0,110 г,110.0,5.0,6.0,27.6,184.4,6.67
Шаурма с курицей Пятерочка Кафе 200г,4279168,шт,1.0,200 г,200.0,10.6,10.3,30.9,259.0,6.33
Чизбургер Пятерочка Кафе 130г,4355138,шт,1.0,130 г,130.0,8.1,11.8,20.3,220.0,3.67
Сэндвич-ролл с горбушей Пятерочка Кафе 200г,4364577,шт,1.0,200 г,200.0,9.8,13.0,22.9,248.0,6.0
Сэндвич с кетой Пятерочка Кафе 170г,4299789,шт,1.0,170 г,170.0,9.4,9.5,19.9,203.0,6.33
Сэндвич-ролл с курицей том ям Пятерочка Кафе 195г,4376856,шт,1.0,195 г,195.0,9.3,14.8,25.8,273.6,5.67
Гамбургер Пятерочка Кафе 120г,4355139,шт,1.0,120 г,120.0,7.2,10.1,21.8,207.4,3.33
Сэндвич-ролл с креветкой Пятерочка Кафе 165г,4376857,шт,1.0,165 г,165.0,9.4,14.2,27.3,274.6,6.67
Сэндвич-ролл с индейкой Пятерочка Кафе 230г,4376855,шт,1.0,230 г,230.0,11.9,10.4,25.9,244.8,6.0
Онигири Филадельфия с семгой и творожным сыром Пятерочка Кафе 110г,4353020,шт,1.0,110 г,110.0,3.6,6.4,30.2,192.8,5.33
"Онигири с угрем, курицей и шампиньонами Пятерочка Кафе 110г",4369260,шт,1.0,110 г,110.0,4.1,5.1,28.6,176.7,5.0
Ролл Симфония с креветкой темпура Пятерочка Кафе 180г,4370998,шт,1.0,180 г,180.0,5.5,10.5,23.7,211.3,6.0
Ролл Симфония с крабовыми палочками и соусом васаби Пятерочка Кафе 180г,4370999,шт,1.0,180 г,180.0,3.5,6.3,29.4,188.3,7.0
Ролл Симфония с курицей и соусом цезарь Пятерочка Кафе 180г,4371000,шт,1.0,180 г,180.0,6.8,5.8,30.1,199.8,6.33
Мясо по-французски с запеченным картофелем Пятерочка Кафе 250г,4377609,шт,1.0,250 г,250.0,9.0,13.0,16.0,214.4,6.67
Лазанья Болоньезе с сыром в соусе Бешамель Мираторг 350г,4261976,шт,1.0,350 г,350.0,7.5,6.4,17.1,156.5,8.0
Плов с курицей Пятерочка Кафе 250г,4191429,шт,1.0,250 г,250.0,7.1,13.5,17.9,200.0,6.0
Паста с ветчиной и грибами Пятерочка Кафе 250г,4315309,шт,1.0,250 г,250.0,5.6,8.1,14.9,155.0,5.5
Шницель куриный с картофельным пюре Пятерочка Кафе 250г,4287273,шт,1.0,250 г,250.0,8.7,8.0,15.7,170.0,5.67
Котлета По-Киевски с картофельным пюре Пятерочка Кафе 260г,4273609,шт,1.0,260 г,260.0,9.3,10.7,14.9,193.0,6.67
Котлета из трески с рисом и овощами Рестория Шеф 250г,4263421,шт,1.0,250 г,250.0,5.5,5.0,18.0,140.0,7.0
Голень куриная гриль Пятерочка Кафе,4295038,кг,0.4,Цена за 100 г,400.0,15.0,34.0,2.5,370.0,7.0
Крылышки куриные гриль Пятерочка Кафе,4295037,кг,0.4,Цена за 100 г,400.0,13.0,34.0,2.5,370.0,7.0
Манты с мясом Пятерочка Кафе 240г,4362983,шт,1.0,240 г,240.0,6.2,18.1,26.2,292.5,5.0
Паста Карбонара Пятерочка Кафе 250г,4364665,шт,1.0,250 г,250.0,7.0,10.3,18.3,194.0,5.67
Капуста тушеная с сосисками Пятерочка Кафе 250г,4372194,шт,1.0,250 г,250.0,2.9,5.9,8.8,99.9,4.67
Лапша Удон с кальмарами и креветками Пятерочка Кафе 250г,4335075,шт,1.0,250 г,250.0,6.5,4.9,22.6,160.0,7.0
Паста Болоньезе Пятерочка Кафе 250г,4364664,шт,1.0,250 г,250.0,4.7,5.0,20.5,146.0,3.0
Биточек куриный со спагетти в томатном соусе Пятерочка Кафе 250г,4376969,шт,1.0,250 г,250.0,9.1,11.2,25.5,240.0,7.0
Лапша Вок с курицей Пятерочка Кафе 250г,4364662,шт,1.0,250 г,250.0,6.9,8.1,14.0,157.0,5.33
Суп куриный с домашней лапшой Пятерочка Кафе 250г,4292794,шт,1.0,250 г,250.0,4.0,5.5,6.5,90.0,6.0
Суп Солянка сборная мясная по-домашнему Пятерочка Кафе 250г,4292792,шт,1.0,250 г,250.0,4.0,3.9,4.6,70.0,6.33
Суп-пюре грибной Пятерочка Кафе 250г,4292789,шт,1.0,250 г,250.0,2.7,5.7,10.0,100.0,7.0
Суп гороховый с копченостями Пятерочка Кафе 250г,4292795,шт,1.0,250 г,250.0,3.5,5.0,8.0,90.0,5.67
Суп Харчо Пятерочка Кафе 250г,4292791,шт,1.0,250 г,250.0,3.2,1.1,9.9,60.0,6.33
Салат Оливье Пятерочка Кафе 200г,4316740,шт,1.0,200 г,200.0,5.4,10.9,6.5,146.0,6.0
Салат сельдь под шубой Пятерочка Кафе 250г,4322017,шт,1.0,250 г,250.0,6.2,14.5,8.0,188.0,6.0
Салат с кальмаром Пятерочка Кафе 200г,4287278,шт,1.0,200 г,200.0,4.8,16.6,9.3,206.0,6.67
Салат Фаворит с бужениной и шампиньонами Пятерочка Кафе 200г,4345530,шт,1.0,200 г,200.0,7.7,18.6,3.9,210.0,5.33
Салат Гнездо глухаря Пятерочка Кафе 200г,4299031,шт,1.0,200 г,200.0,14.7,17.6,6.9,230.0,6.33
Салат Крабовый Пятерочка Кафе 200г,4322016,шт,1.0,200 г,200.0,4.3,19.3,14.2,245.0,7.0
Салат оливье Пятерочка Кафе 500г,4316741,шт,1.0,500 г,500.0,5.4,10.9,6.5,146.0,6.67
Салат Винегрет Пятерочка Кафе 180г,4343382,шт,1.0,180 г,180.0,2.1,4.5,9.6,87.2,6.33
Салат столичный Рестория Шеф 200г,4191361,шт,1.0,200 г,200.0,9.2,21.8,6.1,260.0,6.33
Салат Коул Слоу капустный с апельсиновым соком Пятерочка Кафе 200г,4211040,шт,1.0,200 г,200.0,1.5,17.8,10.1,207.0,5.67
Салат печеночный с картофелем и грибами Пятерочка Кафе 200г,4299028,шт,1.0,200 г,200.0,5.3,20.2,19.0,279.0,6.0
Салат Весенний Пятерочка Кафе 160г,4349646,шт,1.0,160 г,160.0,1.2,5.4,6.1,77.8,4.0
Салат Мимоза Пятерочка Кафе 200г,4335076,шт,1.0,200 г,200.0,7.3,16.0,6.2,198.0,4.0
Салат Кобб Пятерочка Кафе 170г,4357183,шт,1.0,170 г,170.0,4.3,15.7,9.2,195.0,6.0
Салат морская капуста с крабовым мясом Fish House 400г,3950270,шт,1.0,400 г,400.0,2.0,26.0,3.0,254.0,7.25
Салат из морской капусты с кальмаром в майонезе Fish House 250г,4108226,шт,1.0,250 г,250.0,3.5,18.0,2.5,190.0,3.0
Салат дальневосточный из морской капусты Fish House 250г,3398711,шт,1.0,250 г,250.0,0.5,5.0,1.5,55.0,8.0
Салат Витаминный из морской капусты Fish House 430г,3950268,шт,1.0,430 г,430.0,0.5,4.5,4.0,52.0,8.0
Салат Чука Fish House 180г,4104710,шт,1.0,180 г,180.0,1.1,10.0,7.1,120.0,4.0
Салат морковь со спаржей по-корейски Рестория Шеф 400г,4147973,шт,1.0,400 г,400.0,5.0,6.5,7.5,110.0,6.67
Салат Чука в ореховом соусе Fish House 200г,4104709,шт,1.0,200 г,200.0,1.8,9.5,8.5,130.0,6.33
Салат Фунчоза По-Корейски Пятерочка Кафе 200г,4343383,шт,1.0,200 г,200.0,0.5,3.2,25.4,132.0,7.0
Салат Капуста по-корейски Рестория Шеф 200г,4261467,шт,1.0,200 г,200.0,1.6,6.0,4.4,77.0,7.33
Салат Баклажаны по-корейски Рестория Шеф 200г,4261466,шт,1.0,200 г,200.0,0.7,6.0,3.2,69.6,6.67
Рулетики из ветчины с сыром Пятерочка Кафе 150г,4308912,шт,1.0,150 г,150.0,13.1,27.8,3.2,315.0,5.0
Хумус Классический Рестория Шеф 200г,4116551,шт,1.0,200 г,200.0,6.0,19.0,11.0,236.0,6.67
Хумус с кедровыми орешками Рестория Шеф 200г,4116552,шт,1.0,200 г,200.0,6.0,19.0,11.0,236.0,8.0
Сэндвич-ролл Цезарь Пятерочка Кафе 200г,4364574,шт,1.0,200 г,200.0,7.8,16.4,23.9,274.0,3.33
Паштет из шампиньонов Грибная Кухня 230г,3648674,шт,1.0,230 г,230.0,7.0,19.0,0.8,200.0,6.33
Хумус с острым соусом Рестория Шеф 200г,4116553,шт,1.0,200 г,200.0,6.0,18.0,11.0,225.0,6.33
Морс клюквенный Пятерочка Кафе 0.5л,4168788,шт,1.0,500 мл,500.0,0.0,0.0,12.0,48.0,6.33
Лимонад Лимон-имбирь Пятерочка Кафе 500мл,4250372,шт,1.0,500 мл,500.0,0.0,0.0,11.0,45.0,5.33
Смузи банан-манго Пятерочка Кафе 0.3л,4326274,шт,1.0,300 мл,300.0,0.0,0.0,10.0,40.0,6.67
Чебупицца Пепперони Горячая Штучка 250г,3416332,шт,1.0,250 г,250.0,9.0,12.0,32.0,270.0,4.33
Чебупицца Курочка по-итальянски Горячая Штучка 250г,3421780,шт,1.0,250 г,250.0,8.0,13.0,29.0,270.0,5.67
Блины с творогом С Пылу с Жару 360г,3273892,шт,1.0,360 г,360.0,5.0,3.0,22.0,140.0,7.0
Блины с мясом С Пылу с Жару 360г,3273891,шт,1.0,360 г,360.0,6.5,3.5,19.0,130.0,6.33
Хотстеры Горячая Штучка 250г,3435321,шт,1.0,250 г,250.0,8.0,12.0,17.0,210.0,4.33
Чебупели Сочные с мясом Горячая Штучка 250г,3373886,шт,1.0,250 г,250.0,7.0,11.0,28.0,240.0,5.33
Чебупели с ветчиной и сыром Горячая штучка 250г,3395673,шт,1.0,250 г,250.0,7.0,15.0,40.0,320.0,5.67
Блины с мясом Останкино 420г,2141551,шт,1.0,420 г,420.0,8.0,11.0,33.0,270.0,5.0
Блины с вишней С Пылу с Жару 360г,3269961,шт,1.0,360 г,360.0,3.0,3.0,25.0,140.0,6.67
Блины с ветчиной и сыром С Пылу с Жару 360г,3426375,шт,1.0,360 г,360.0,5.0,7.0,17.0,150.0,5.67
Блины с куриным мясом Останкино 420г,2170437,шт,1.0,420 г,420.0,8.0,11.0,33.0,270.0,6.0
Чебурек Твистер's band Чебурито с мясом замороженный 85г,4009387,шт,1.0,85 г,85.0,9.0,14.0,31.5,288.0,5.0
Блинчики для фаршировки С пылу с жару 310г,3604375,шт,1.0,310 г,310.0,4.0,4.0,22.0,140.0,7.0
Круггетсы с сырным соусом Горячая Штучка 250г,3477910,шт,1.0,250 г,250.0,8.5,16.0,20.0,260.0,3.0
Лазанья мясная замороженная Золотой Петушок 370г,2157530,шт,1.0,370 г,370.0,7.6,4.1,18.7,142.1,5.0
Чебурек Богатырь с мясом Жаренки 180г,3680892,шт,1.0,180 г,180.0,9.3,14.5,31.7,294.0,4.0
Оладьи оладушки С Пылу С Жару 280г,3371860,шт,1.0,280 г,280.0,6.0,4.0,40.0,200.0,5.0
Пончик с начинкой со вкусом клубники глазированный Don Donut 65г,4336618,шт,1.0,65 г,65.0,5.9,18.7,39.0,329.0,3.0
Блинчики шоколадные с белым шоколадом замороженные С пылу с жару 220г,4278081,шт,1.0,220 г,220.0,8.0,15.0,33.0,300.0,5.67
Солянка По-домашнему замороженая Главсуп 250г,3236284,шт,1.0,250 г,250.0,1.3,2.5,4.0,44.0,8.0
Блины с печенью замороженные Останкино 420г,2141553,шт,1.0,420 г,420.0,8.0,10.0,33.0,260.0,6.0
Пельмени Супермени со сливочным маслом Горячая Штучка 200г,4042247,шт,1.0,200 г,200.0,11.0,6.0,20.0,180.0,4.0
Крылышки Хрустящие острые к пиву Горячая Штучка 300г,3446271,шт,1.0,300 г,300.0,12.0,13.0,27.0,270.0,4.0
Сырники Элика По-Домашнему замороженные 320г,4310367,шт,1.0,320 г,320.0,15.5,7.0,19.5,230.0,7.0
Оладьи-сэндвичи с ореховой пастой замороженные С пылу с жару 60г,4351078,шт,1.0,60 г,60.0,5.5,10.5,52.0,320.0,5.33
Запеканка картофельная замороженная Разогрей-Ка 250г,4339081,шт,1.0,250 г,250.0,8.0,9.0,15.0,146.0,7.0
Плов с мясом цыпленка Российская корона 300г,3404868,шт,1.0,300 г,300.0,7.8,4.6,19.0,148.6,6.67
Азу из курицы с картофельным пюре замороженное СытоЕдов 300г,4306830,шт,1.0,300 г,300.0,5.0,5.0,8.5,100.0,7.33
Лепешка замороженная ROTI 450г,4147575,шт,1.0,450 г,450.0,6.1,15.0,37.8,311.0,4.0
Паэлья Испанское блюдо 4 Сезона 600г,728,шт,1.0,600 мл,600.0,8.0,3.0,17.0,130.0,5.0
Хашбраун из картофеля замороженный 480г,4354614,шт,1.0,480 г,480.0,2.2,7.6,21.7,164.0,4.0
Жюльен из курицы с грибами замороженный Российская Корона 250г,3621247,шт,1.0,250 г,250.0,14.8,11.1,4.1,175.5,4.67
Беляши Омские жареные замороженные Дарина 400г,4336477,шт,1.0,400 г,400.0,10.0,8.0,24.0,210.0,3.33
Мини-чебуреки Чебурито с мясом Твистер 300г,4078158,шт,1.0,300 г,300.0,11.0,10.2,30.6,258.0,5.33
Котлеты куриные запеченные замороженные Главобед 340г,4337207,шт,1.0,340 г,340.0,13.7,7.2,12.5,170.0,7.0
Лапша гречневая Тори Ясай Соба с цыпленком и овощами Perfetto 250г,4071297,шт,1.0,250 г,250.0,8.2,6.9,16.1,159.3,6.33
Блюдо готовое Фондю Эменталь замороженное 4 сезона 600г,3054891,шт,1.0,600 г,600.0,7.9,10.2,13.3,175.0,3.33
Каша рисовая с яблочно-апельсиновым соусом замороженная Фросток 320г,4340916,шт,1.0,320 г,320.0,1.5,2.5,11.0,70.0,7.0
Булочки Bibigo Бао со свининой замороженные 320г,4372071,шт,1.0,320 г,320.0,7.3,11.9,33.5,270.8,5.67
Спагетти Карбонара замороженные Фросток 210г,4340915,шт,1.0,210 г,210.0,9.5,9.5,21.0,200.0,3.67
Тесто для чебуреков 500г,3608912,шт,1.0,500 г,500.0,9.0,1.0,52.0,250.0,7.0
Пиццетта с салями 85г,78033550,шт,1.0,85 г,85.0,8.5,9.5,25.0,220.0,7.0
Улитка с корицей 80г,78031990,шт,1.0,80 г,80.0,5.6,26.8,45.4,445.0,5.0
Розан с начинкой Черная смородина 120г,78009909,шт,1.0,120 г,120.0,3.3,12.49,40.8,289.0,6.67
Слойка с начинкой Вишня 81г,78007176,шт,1.0,81 г,81.0,5.0,14.8,50.2,354.0,5.67
Пирог домашний с творожной начинкой 96г,78033558,шт,1.0,96 г,96.0,7.0,10.0,48.0,310.0,3.33
Круассан с миндалем 68г,78031923,шт,1.0,68 г,68.0,9.5,26.6,43.7,452.2,6.67
Пекан кленовый 70г,78010930,шт,1.0,70 г,70.0,4.5,27.0,39.0,420.0,7.0
Улитка с ванильной начинкой и изюмом 90г,78032555,шт,1.0,90 г,90.0,4.0,18.0,37.0,320.0,6.0
Сочень с творогом 91г,78030425,шт,1.0,91 г,91.0,8.0,18.3,46.1,381.0,26.75
Улитка Греческая с курицей и картофелем 160г,3368421,шт,1.0,160 г,160.0,8.7,6.7,32.6,226.0,4.0
Лепешка томаты с базиликом 165г,62766,шт,1.0,165 г,165.0,5.0,1.4,19.0,115.0,8.0
Улитка Греческая с мясом 160г,3368414,шт,1.0,160 г,160.0,9.3,7.7,31.6,233.0,5.67
Улитка Греческая со шпинатом и сыром 160г,3368417,шт,1.0,160 г,160.0,7.6,9.2,33.6,248.0,5.33
Самса с курицей и овощами 100г,78032235,шт,1.0,100 г,100.0,6.6,11.0,31.4,251.0,8.0
Слойка с ветчиной и сыром 80г,78033093,шт,1.0,80 г,80.0,8.7,16.3,24.7,298.0,4.0
Слойка с сосиской 75г,78006242,шт,1.0,75 г,75.0,7.2,19.3,36.0,351.0,3.0
Пирожок с яйцом и зеленым луком 65г,78034706,шт,1.0,65 г,65.0,7.0,5.0,28.0,180.0,4.0
Пирожок с начинкой Капуста 75г,78011228,шт,1.0,75 г,75.0,4.9,6.2,38.5,228.9,4.0
Элеш с курицей 220г,78005834,шт,1.0,220 г,220.0,10.9,11.2,20.4,215.0,6.0
Самса с говядиной 95г,78010258,шт,1.0,95 г,95.0,6.4,11.0,31.7,251.4,7.0
Круассан классический 50г,78033013,шт,1.0,50 г,50.0,7.0,17.0,42.0,350.0,6.0
Хачапури 80г,78033187,шт,1.0,80 г,80.0,5.5,24.0,32.0,360.0,6.33
Багет ржаной чесночный 180г,78030125,шт,1.0,180 г,180.0,6.5,14.0,45.1,332.0,6.67
Багет традиционный 230г,78030107,шт,1.0,230 г,230.0,8.0,13.0,34.0,280.0,6.67
Чиабатта Рустик 290г,78030460,шт,1.0,290 г,290.0,7.82,0.83,42.17,207.0,7.0
Багет чесночный 158г,78030124,шт,1.0,158 г,158.0,6.7,11.0,45.0,305.8,5.33
Хлеб пшеничный 390г,78030901,шт,1.0,390 г,390.0,7.5,3.0,48.0,250.0,7.0
Багет мини 120г,3383605,шт,1.0,120 г,120.0,7.5,2.9,51.4,262.0,3.33
Хлеб Маг с семечками 390г,78010680,шт,1.0,390 г,390.0,10.0,8.0,45.0,300.0,7.0
Хлебушек заварной бездрожжевой 315г,78006726,шт,1.0,315 г,315.0,6.6,1.0,51.8,248.0,6.67
Булочка с корицей п/ф 90г,4200588,шт,1.0,90 г,90.0,5.6,26.8,45.4,444.0,4.67
Багет Ржаной чесночный п/ф 200г,4117904,шт,1.0,200 г,200.0,6.5,14.0,45.1,332.0,6.67
Багет Традиционный п/ф 260г,4112024,шт,1.0,260 г,260.0,8.5,1.0,60.0,280.0,8.0
Улитка Греческая с курицей и картофелем п/ф 180г,3368459,шт,1.0,180 г,180.0,9.0,7.0,33.0,230.0,5.0
Лепешка Томат-базилик п/ф 180г,78000004,шт,1.0,180 г,180.0,12.3,20.4,47.2,426.0,5.33
Улитка Греческая со шпинатом и сыром п/ф 180г,3368457,шт,1.0,180 г,180.0,8.0,9.0,34.0,250.0,7.0
Слойка Valentain дрожжевая с вишней п/ф 90г,3612462,шт,1.0,90 г,90.0,4.5,12.0,46.0,310.0,6.67
Багет чесночный замороженный п/ф 175г,4117906,шт,1.0,175 г,175.0,6.7,11.0,45.0,305.8,5.67
Улитка с ванильной начинкой и изюмом п/ф 100г,4233266,шт,1.0,100 г,100.0,4.0,18.0,37.0,320.0,6.0
Улитка Греческая с мясом п/ф 180г,3368456,шт,1.0,180 г,180.0,8.0,18.5,36.0,345.0,5.67
Розан Буше со смородиной п/ф 130г,3658222,шт,1.0,130 г,130.0,3.3,12.5,40.8,289.0,6.0
Хлебушек Fazer заварной бездрожжевой п/ф 350г,3608756,шт,1.0,350 г,350.0,5.9,0.9,47.9,230.0,100.2
Чиабатта Рустик п/ф 300г,3645121,шт,1.0,300 г,300.0,7.82,0.83,42.17,207.0,6.0
Круассан Мириталь с миндалем п/ф 70г,4198978,шт,1.0,70 г,70.0,9.5,26.6,43.7,452.2,6.67
Пирожок с зеленым луком и яйцом п/ф 65г,4342779,шт,1.0,65 г,65.0,7.0,5.0,28.0,180.0,4.0
Пирог домашний с творожной начинкой п/ф 100г,4278636,шт,1.0,100 г,100.0,7.0,10.0,48.0,310.0,6.0
Слойка с сосиской п/ф 90г,3474487,шт,1.0,90 г,90.0,7.0,19.0,36.0,340.0,3.33
Слойка с ветчиной и сыром п/ф 90г,4262738,шт,1.0,90 г,90.0,9.0,21.5,30.0,350.0,5.67
Самса с курицей и овощами п/ф 122г,4220033,шт,1.0,122 г,122.0,6.6,11.0,31.4,251.0,7.0
Элеш Султан с курицей п/ф 230г,3635486,шт,1.0,230 г,230.0,7.0,11.0,26.0,230.0,5.67
Самса Mr. Food с мясом п/ф 122г,3670067,шт,1.0,122 г,122.0,6.4,11.0,31.7,251.4,5.33
Хлеб Знатный Пачастунак с семечками п/ф 400г,3682002,шт,1.0,400 г,400.0,11.0,8.0,46.0,300.0,7.0
Сочень с творогом п/ф 110г,4118627,шт,1.0,110 г,110.0,8.0,18.3,46.1,381.0,5.33
Хлеб Пшеничный п/ф 400г,4163804,шт,1.0,400 г,400.0,7.5,3.0,48.0,250.0,7.0
Хачапури п/ф 100г,4233569,шт,1.0,100 г,100.0,5.5,24.0,32.0,360.0,8.0
Шоколадный батончик Twix Xtra с карамелью 82г,2138420,шт,1.0,82 г,82.0,3.9,24.0,65.4,495.0,4.33
Батончик Picnic BIg с арахисом и изюмом 76г,3442578,шт,1.0,76 г,76.0,7.1,25.5,55.0,480.0,7.0
Шоколад Goodmix молочный с хрустящей вафлей 40г,4357720,шт,1.0,40 г,40.0,6.1,28.0,62.0,527.0,5.0
Батончик шоколадный Bounty Трио 82.5г,2100611,шт,1.0,83 г,83.0,3.3,25.1,60.0,484.0,6.33
Батончик шоколадный Snickers Белый жареный арахис-карамель-нуга 2х45г,3641042,шт,1.0,81 г,81.0,8.3,26.5,57.7,500.0,6.0
Батончик шоколадный Snickers лесной орех 81г,3297592,шт,1.0,81 г,81.0,7.6,27.5,56.4,507.0,5.33
Яйцо Kinder Сюрприз из молочного шоколада с игрушкой в ассортименте 20г,3147882,шт,1.0,20 г,20.0,8.1,34.2,52.3,552.0,6.0
Конфета Nuts Duo цельный фундук 66г,90937,шт,1.0,66 г,66.0,5.4,24.0,64.0,491.0,6.67
Батончик шоколадный Mars Max с нугой и карамелью в молочном шоколаде 81г,3389812,шт,1.0,81 г,81.0,4.1,17.4,69.6,454.0,4.0
Яйцо Kinder Сюрприз из молочного шоколада с игрушкой в ассортименте 20г,47804,шт,1.0,20 г,20.0,8.1,34.2,52.3,552.0,5.33
Батончик Milky Way шоколадный 26г,5164,шт,1.0,26 г,26.0,2.7,16.5,72.8,452.0,3.33
Шоколадный батончик Twix с карамелью 55г,7650,шт,1.0,55 г,55.0,3.9,24.0,65.4,495.0,5.0
Батончик шоколадный Nuts Фундук и фисташка 47г,4349886,шт,1.0,47 г,47.0,5.0,24.0,65.0,496.0,6.0
Конфета Goodmix со вкусом соленой карамели с хрустящей вафлей 44г,4237783,шт,1.0,44 г,44.0,6.1,28.0,61.0,522.0,5.0
Яйцо Kinder Сюрприз из молочного шоколада с игрушкой в ассортименте 20г,3157836,шт,1.0,20 г,20.0,8.1,34.2,52.3,552.0,6.33
Батончик шоколадный Бабаевский с помадно-сливочной начинкой 50г,2162060,шт,1.0,50 г,50.0,5.0,25.0,58.0,490.0,5.0
Конфета Goodmix со вкусом соленого арахиса с хрустящей вафлей 46г,4240555,шт,1.0,46 г,46.0,7.2,30.0,58.0,534.0,5.33
Батончик Nut&Go миндальный 34г,4269929,шт,1.0,34 г,34.0,11.0,38.0,40.0,550.0,5.67
Батончик шоколадный Snickers 50.5г,3398823,шт,1.0,51 г,51.0,7.6,25.1,59.0,495.0,4.33
Батончик Mixbar с печеньем и карамелью 30г,4239070,шт,1.0,30 г,30.0,5.9,22.4,61.8,470.0,5.5
"Батончик Mixbar с какао, молоком и криспи 30г",4232528,шт,1.0,30 г,30.0,5.5,22.9,61.0,468.0,5.0
Шоколад Славянка Левушка детям с вафлями 27.5г,4331413,шт,1.0,28 г,28.0,4.5,33.0,43.0,449.0,6.0
Шоколад темный Ritter Sport с цельным лесным орехом 100г,3490518,шт,1.0,100 г,100.0,9.0,41.0,39.0,577.0,7.33
Шоколад Kinder-Сюрприз с игрушкой внутри 53г,4372984,шт,1.0,53 г,53.0,8.8,36.2,53.9,579.0,3.67
Батончик Ulker Dido вафельный покрытый молочным шоколадом 35г,4264264,шт,1.0,35 г,35.0,7.7,29.0,59.0,530.0,6.0
Яйцо шоколадное Kids Box Десерт с подарком в ассортименте 20г,4235625,шт,1.0,20 г,20.0,4.0,31.0,56.0,519.0,4.0
Яйцо Конфитрейд с сюрпризом в ассортименте 20г,4132822,шт,1.0,20 г,20.0,5.5,32.0,55.0,540.0,5.33
"Конфеты Даежъ Wafer Bar с карамелью, арахисом и солеными кранчами 54г",4349267,шт,1.0,54 г,54.0,7.3,26.4,53.6,481.0,3.0
Батончик Schluckwerder марципановый в темном шоколаде 100г,4283168,шт,1.0,100 г,100.0,6.1,17.0,63.0,444.0,8.0
Яйцо Kinder Joy из молочного шоколада с игрушкой в ассортименте 20г,2091079,шт,1.0,20 г,20.0,8.2,32.0,56.5,550.0,4.67
Яйцо шоколадное Kinder Сюрприз Maxi с игрушкой-сюрпризом 100г,3353040,шт,1.0,100 г,100.0,8.8,5.2,53.9,579.0,2.33
Батончик Chikalab с начинкой кокос глазированный 60г,4126140,шт,1.0,60 г,60.0,25.0,20.0,5.8,373.0,6.33
Яйцо Be Sweet с подарком из молочного шоколада 20г в ассортименте 1шт.,4366828,шт,1.0,20 г,20.0,3.0,32.0,61.6,546.4,4.33
Фигурка Мок-Мок шоколадная с печеньем 24г,4365633,шт,1.0,24 г,24.0,5.5,31.0,56.0,530.0,4.67
Шоколадная фигурка из глазури 60г,4367004,шт,1.0,60 г,60.0,3.0,33.0,61.0,553.0,2.0
Батончик Reeel Клюква орехово-ягодный 30г,4340482,шт,1.0,30 г,30.0,9.8,39.7,43.3,572.0,7.0
Батончик Reeel Молочный шоколад ореховый 30г,4340484,шт,1.0,30 г,30.0,11.9,28.8,44.9,490.0,5.33
Напиток энергетический Adrenaline Rush 0.449л,3931836,шт,1.0,449 мл,449.0,0.1,0.0,13.0,54.0,5.0
Напиток энергетический Adrenaline Rush 0.25л,58772,шт,1.0,250 мл,250.0,5.0,0.0,12.5,54.0,6.0
Напиток энергетический Red Bull 0.25л,39229,шт,1.0,250 мл,250.0,0.0,0.0,11.0,46.0,6.0
Напиток энергетический Burn Лимонный лед 500мл Drive Me Original 0.449л,3931669,шт,1.0,449 мл,449.0,0.0,0.0,10.6,43.0,5.67
Вода Borjomi минеральная газированная 0.5л,81514,шт,1.0,500 мл,500.0,0.0,0.0,0.0,0.0,10.0
Сок J7 Апельсиновый с мякотью 0.3л,3965623,шт,1.0,300 мл,300.0,0.0,0.0,11.0,50.0,6.0
Драже M&M's с арахисом в ассортименте 45г,3386335,шт,1.0,45 г,45.0,9.3,24.6,60.0,504.0,14.75
Драже M&M's с молочным шоколадом 45г,3386332,шт,1.0,45 г,45.0,5.0,19.0,74.0,493.0,5.33
Драже M&M's с арахисом и молочным шоколадом 80г,4162277,шт,1.0,80 г,80.0,9.3,24.6,60.0,504.0,6.0
Драже Skittles Фруктовый вкус 38г,98225,шт,1.0,38 г,38.0,0.0,4.2,91.7,408.0,4.67
Драже M&M's с молочным шоколадом 80г,4158067,шт,1.0,80 г,80.0,5.0,19.0,74.0,493.0,3.0
Драже M&M’s с арахисом 145г,4157546,шт,1.0,145 г,145.0,9.3,24.6,60.0,504.0,4.67
Драже Skittles с фруктовым вкусом 70г,4125041,шт,1.0,70 г,70.0,0.0,4.2,91.7,408.0,3.33
Драже Skittles кисломикс 38г,3299810,шт,1.0,38 г,38.0,0.0,4.2,90.0,400.0,4.67
"Драже Mentos Клубника, апельсин, лимон жевательные 37.5г",4252258,шт,1.0,37 г,37.0,0.0,1.5,92.0,390.0,6.0
Конфеты Scandic без сахара со вкусом тутти-фрутти 14г,4352893,шт,1.0,14 г,14.0,0.0,0.0,95.0,230.0,6.67
Драже Tic-Tac Клубничный микс 16г,3462866,шт,1.0,16 г,16.0,0.1,0.6,94.8,394.0,4.67
Драже M&M’s с молочным шоколадом 145г,4157547,шт,1.0,145 г,145.0,5.0,19.0,74.0,493.0,3.67
Драже Tic Tac со вкусом цитрусов 16г,4305726,шт,1.0,16 г,16.0,0.1,0.6,94.9,394.0,4.67
Драже Mentos жевательные со вкусом винограда 37.5г,4312702,шт,1.0,38 г,38.0,0.0,1.5,91.0,390.0,5.67
Драже Tic Tac Апельсин 49г,3641187,шт,1.0,49 г,49.0,0.1,0.7,96.7,400.0,5.0
Протеиновый батончик Snaq Fabriq арахис и карамель глазированный 50г,4192951,шт,1.0,50 г,50.0,20.0,32.0,8.0,456.0,5.33
Батончик Snaq Fabriq кокос 40г,4126137,шт,1.0,40 г,40.0,6.9,30.0,7.9,407.0,3.33
Батончик Smartbar Protein 40г,3609088,шт,1.0,40 г,40.0,20.0,11.0,49.0,363.0,6.67
Батончик-мюсли Здоровый перекус черника 55г,3600319,шт,1.0,55 г,55.0,4.21,6.07,79.48,359.0,6.67
Батончик кокосовый Snaq Fabriq Шоколад 40г,4192933,шт,1.0,40 г,40.0,7.9,28.0,8.8,399.0,6.0
Батончик Snaq Fabriq Фундук-карамель 50г,4278289,шт,1.0,50 г,50.0,16.0,34.0,7.0,454.0,5.67
Батончик Bombbar Фисташковая меренга глазированный 40г,4086383,шт,1.0,40 г,40.0,10.0,6.9,6.3,352.0,7.0
Батончик Snaq Fabriq Coco Tropic Манго-маракуйя 40г,4126139,шт,1.0,40 г,40.0,2.7,11.4,3.5,159.0,7.0
Батончик Bombbar Малиновый сорбет 40г,4086382,шт,1.0,40 г,40.0,10.0,6.4,8.4,356.0,6.67
Батончик Bombbar Фундучное пралине 40г,4129082,шт,1.0,40 г,40.0,25.0,17.1,15.9,391.0,7.0
Батончик Chikalab Лесной орех с карамелью глазированный 60г,4266491,шт,1.0,60 г,60.0,30.0,14.2,4.5,336.0,6.67
Жевательный мармелад Mixbar фруктово-ягодный в ассортименте 70г,3978871,шт,1.0,70 г,70.0,5.5,0.2,73.0,320.0,6.0
Карамель Chupa Chups Экзотик-тропик в ассортименте 12г,17885,шт,1.0,12 г,12.0,0.0,0.0,95.0,380.0,5.0
Мармелад Mix Bar жевательный со вкусом колы 70г,3980249,шт,1.0,70 г,70.0,5.5,0.0,72.0,310.0,3.0
Мармелад Fruittella Медвежата жевательный 70г,2108128,шт,1.0,70 г,70.0,6.0,0.1,73.0,320.0,5.67
Карамель Chupa Chups в ассортименте 17г,33015,шт,1.0,17 г,17.0,0.2,1.6,91.0,380.0,3.67
Мармелад Fruittella Крутой микс жевательный 150г,3694097,шт,1.0,150 г,150.0,6.0,0.1,73.0,320.0,4.67
Мармелад Chupa Chups Страйпсы cо вкусом клубники 120г,4208928,шт,1.0,120 г,120.0,2.0,2.0,79.0,350.0,4.0
Леденцы Бон Пари Фруктовый Микс 75г,41334,шт,1.0,75 г,75.0,0.0,0.0,95.0,386.0,2.33
Карамель Chupa Chups Кислорот яблоко-вишня-лимон-апельсин 12г,4124907,шт,1.0,12 г,12.0,0.0,0.0,92.0,380.0,3.67
Карамель Chupa Chups XXL Trio с жевательной резинкой в ассортименте 29г,59117,шт,1.0,29 г,29.0,0.0,0.0,91.0,370.0,4.33
Мармелад Mixbar Веселые мишки жевательный 140г,4082523,шт,1.0,140 г,140.0,8.0,0.0,70.0,310.0,5.0
Мармелад Бон Пари Кислые червячки жевательный 75г,43332,шт,1.0,75 г,75.0,4.5,0.01,79.0,341.0,3.67
Жевательный мармелад Chupa Chups Роллсы с Апельсиново-лимонным вкусом кислые 150г,4121693,шт,1.0,150 г,150.0,0.4,0.5,86.0,360.0,4.0
Карамель Mixbar с начинкой жевательное ассорти 250г,4197751,шт,1.0,250 г,250.0,0.1,0.1,95.0,380.0,5.67
Карамель Mixbar молочная в ассортименте 1 шт. 11.3г,4180260,шт,1.0,11 г,11.0,0.3,0.5,95.0,390.0,4.33
Карамель Рот Фронт Лимончики 250г,2057836,шт,1.0,250 г,250.0,0.0,0.1,93.0,356.0,6.33
Леденец Lenco Трость к Новому году со вкусом клубники 28г,3644757,шт,1.0,28 г,28.0,0.6,2.2,93.7,382.0,3.67
Карамель леденцовая Красная цена Ягодный край 250г,3914233,шт,1.0,250 г,250.0,0.0,0.2,96.5,388.0,4.33
Леденцы Бон Пари Фруктовый Микс 500г,2163162,шт,1.0,500 г,500.0,0.0,0.0,95.0,386.0,4.33
Мармелад Fruit-tella Звери Mix жевательный апельсин-яблоко-лимон-клубника-малина 150г,3485963,шт,1.0,150 г,150.0,6.0,0.1,74.0,320.0,6.67
Мармелад Бон Пари Кислые змейки жевательный фигурный фрукты 120г,3928270,шт,1.0,120 г,120.0,4.5,0.0,79.0,341.0,6.0
Карамель Рот Фронт Клубника со сливками 250г,2059760,шт,1.0,250 г,250.0,0.3,0.5,92.0,380.0,5.25
Мармелад Бон Пари Машины жевательный фрукты 75г,2127571,шт,1.0,75 г,75.0,5.3,0.11,76.0,330.0,4.67
Карамель Lenco Единороги леденцовая ассорти вкусов + пазл 25г,4048831,шт,1.0,25 г,25.0,0.0,0.0,90.3,361.0,6.33
Жевательная резинка Orbit White нежная мята 13.6г,3439786,шт,1.0,14 г,14.0,0.0,0.0,58.0,140.0,4.67
Леденцы Halls Ментол Экстра 24.5г,3498896,шт,1.0,25 г,25.0,0.0,0.0,95.0,383.0,5.33
Леденцы Halls со вкусом меда и лимона 25г,3498891,шт,1.0,25 г,25.0,0.0,0.0,94.0,384.0,7.0
Жевательная резинка Orbit White Bubblemint 13.6г,3426700,шт,1.0,14 г,14.0,0.0,0.0,62.0,150.0,4.67
"Жевательная резинка Mentos Pure Fresh со вкусом вишни 15,5г",4347283,шт,1.0,16 г,16.0,0.4,2.0,74.0,200.0,2.0
Жевательная резинка Dirol Арбузно-дынный коктейль без сахара 13.6г,2083382,шт,1.0,14 г,14.0,0.4,0.3,66.0,170.0,5.0
Жевательная резинка Mentos Pure Fresh Свежая мята 15.5г,3936416,шт,1.0,16 г,16.0,0.7,0.1,73.0,180.0,2.33
Жевательная резинка Dirol White Мята 13.6г,3641933,шт,1.0,14 г,14.0,0.4,0.9,63.0,167.0,5.0
Жевательная резинка Mentos Pure Fresh виноград 15.5г,4032912,шт,1.0,16 г,16.0,0.3,1.5,68.0,180.0,4.33
Жевательная резинка Mentos Нежная мята 15.5г,3936418,шт,1.0,16 г,16.0,0.5,0.2,67.0,170.0,3.0
Жевательная резинка Orbit Сладкая мята подушечки 13.6г,15212,шт,1.0,14 г,14.0,0.0,0.0,65.0,160.0,4.0
Жевательная резинка Канди Клаб Bomba Roll 12г в ассортименте 1шт.,4278378,шт,1.0,12 г,12.0,0.0,1.4,65.0,273.0,2.0
Жевательная резинка Dirol Мята без сахара 13.6г,3257582,шт,1.0,14 г,14.0,0.5,0.7,69.0,181.0,2.0
Жевательная резинка Dirol Клубника-черешня без сахара 13.6г,3445784,шт,1.0,14 г,14.0,0.3,1.2,73.0,194.0,3.33
"Жевательная резинка Mentos Pure Fresh Тутти Фрутти, 15.5г",3936417,шт,1.0,15 г,15.0,0.0,0.1,74.0,180.0,2.0
Жевательная резинка Mentos Pure Fresh Арбуз 15.5г,4042408,шт,1.0,16 г,16.0,0.3,1.0,69.0,180.0,4.33
Жевательная резинка Orbit Освежающая мята 13.6г,72157,шт,1.0,14 г,14.0,0.0,0.0,61.0,150.0,5.67
Жевательная резинка Orbit клубника-банан 13.6г,3341070,шт,1.0,14 г,14.0,0.0,0.0,68.0,170.0,2.67
Жевательная резинка Orbit сочный арбуз 13.6г,24276,шт,1.0,14 г,14.0,0.0,0.0,69.0,170.0,5.0
Жевательная резинка Dirol Арбузная свежесть без сахара 13.6г,2083379,шт,1.0,14 г,14.0,0.4,0.0,68.0,181.0,4.67
Жевательная резинка Eclipse ледяная вишня 13.6г,2111640,шт,1.0,14 г,14.0,0.0,0.0,62.0,150.0,3.33
Жевательная резинка Dirol Fresh со вкусом мяты без сахара 13.6г,4363974,шт,1.0,14 г,14.0,0.4,0.3,71.0,180.0,3.33
Жевательная резинка Dirol Fresh со вкусом клубники без сахара 13.6г,4363972,шт,1.0,14 г,14.0,0.4,1.7,69.0,190.0,2.67
Жевательная резинка Mentos Pure Fresh Тутти Фрутти 54г,3380234,шт,1.0,54 г,54.0,0.1,0.2,66.0,170.0,4.33
Жевательная резинка Love is ассорти 21г,4010683,шт,1.0,21 г,21.0,0.0,0.0,77.0,291.0,3.33
Жевательная резинка Five Fusion Ягодная волна без сахара 31.2г,3449678,шт,1.0,31 г,31.0,0.0,0.0,67.0,170.0,3.67
Жевательная резинка Five Cyclone Сочный арбуз 31.2г,3256525,шт,1.0,31 г,31.0,0.0,0.0,68.0,170.0,3.67
Жевательная резинка Dirol XXL Арбузная Свежесть со вкусом арбуза без сахара 19г,4275943,шт,1.0,19 г,19.0,0.4,1.2,68.0,182.0,5.0
Жевательная резинка Mentos Pure Fresh Свежая мята 100г,2167263,шт,1.0,100 г,100.0,0.3,0.1,67.0,170.0,5.67
Жевательная резинка Well без сахара cо вкусом мяты 12.65г,4268097,шт,1.0,12 г,12.0,0.0,0.0,35.3,141.0,6.33
Жевательная резинка Mentos Pure White Клубника 15.5г,3936419,шт,1.0,16 г,16.0,0.1,0.5,66.0,170.0,2.0
Жевательная резинка Well без сахара со вкусом клубники и банана 12.65г,4268094,шт,1.0,13 г,13.0,0.0,0.0,35.3,141.0,6.67
Напиток кофейный Nescafé 3в1 мягкий растворимый 14.5г,4055790,шт,1.0,15 г,15.0,1.3,13.0,77.0,435.0,2.33
Напиток кофейный Nescafé 3в1 карамель растворимый 14.5г,4055787,шт,1.0,15 г,15.0,1.5,13.0,74.0,434.0,5.33
Напиток кофейный Nescafé 3в1 классик растворимый 14.5г,4055789,шт,1.0,15 г,15.0,1.4,12.0,78.0,434.0,5.67
Напиток кофейный Nescafé латте растворимый 18г,3928181,шт,1.0,18 г,18.0,1.4,12.0,80.0,435.0,5.0
Напиток кофейный Nescafé Classic Cappuccino растворимый 18г,3928180,шт,1.0,18 г,18.0,2.1,12.0,77.0,428.0,3.33
Напиток кофейный MacCoffee the Original растворимый 3в1 10x20г,3072006,шт,1.0,200 г,200.0,2.0,11.0,81.0,430.0,4.67
Напиток кофейный MacCoffee Cappuccino di Torino 3в1 растворимый с темным шоколадом 5х25.5г,4089587,шт,1.0,128 г,128.0,2.9,9.9,83.4,434.0,5.0
Кофейный напиток Carte Noire Cappuccino растворимый 15г,4110055,шт,1.0,15 г,15.0,4.6,10.0,76.0,415.0,2.5
Фруктовые кусочки ФрутоНяня Яблоко Малина с 12 мес. 15г,3667778,шт,1.0,15 г,15.0,0.0,0.0,7.6,309.6,6.33
Пюре Агуша яблоко-ежевика-малина с 5 мес. 90г,3638365,шт,1.0,90 г,90.0,0.0,0.0,15.0,60.0,6.33
Батончик Агуша яблоко-банан 15г,4013449,шт,1.0,15 г,15.0,0.2,0.5,11.5,54.0,7.0
Пюре фруктовое Агуша яблоко-груша-банан-манго с 6 мес. 90г,4113328,шт,1.0,90 г,90.0,0.0,0.0,15.5,62.0,7.67
Кусочки фруктовые ФрутоНяня Яблоко клубника банан с 12 мес. 15г,3667779,шт,1.0,15 г,15.0,0.0,0.0,74.3,311.2,6.0
Конфеты Fruit-tella Ассорти жевательные 41г,3600817,шт,1.0,41 г,41.0,1.0,7.0,83.0,400.0,4.33
Ирис Красный октябрь Золотой ключик 250г,2057820,шт,1.0,250 г,250.0,2.0,7.5,82.0,400.0,4.5
Ирис Meller с шоколадом 38г,27798,шт,1.0,38 г,38.0,3.0,9.0,79.0,410.0,5.0
"Конфеты Mamba Апельсин, Вишня, Малина, Клубника жевательные 79.5г",3623031,шт,1.0,80 г,80.0,0.0,5.4,85.4,389.0,5.0
Конфеты Невский кондитер Crumle toffee со вкусом сливочного ириса 200г,4367576,шт,1.0,200 г,200.0,2.0,17.0,75.0,440.0,4.33
Батон Коломенское Нарезной нарезка 400г,2065120,шт,1.0,400 г,400.0,7.5,2.9,51.4,265.0,204.0
Батон Хлебный Дом Звездный нарезка 350г,3985404,шт,1.0,350 г,350.0,7.8,2.7,52.9,271.0,4.33
Батон Черемушки нарезка 400г,2149542,шт,1.0,400 г,400.0,7.5,3.0,51.4,265.0,6.67
Батон Черемушки Нарезной нарезка 200г,3696989,шт,1.0,200 г,200.0,7.5,2.9,51.4,265.0,3.5
Батон Нижегородский хлеб Подмосковный 380г,3684709,шт,1.0,380 г,380.0,7.5,2.6,50.6,256.0,3.0
Хлеб Коломенский Даниловский ржано-пшеничный нарезка 350г,4276930,шт,1.0,350 г,350.0,7.0,1.0,49.0,230.0,7.0
Хлеб Черемушки Бородинский нарезка 390г,2149541,шт,1.0,390 г,390.0,6.8,1.3,41.5,207.0,6.67
Хлеб Черемушки Московский 340г,4010437,шт,1.0,340 г,340.0,7.0,1.0,46.0,220.0,6.67
Хлебец Хлебный дом Стройный рецепт без хлебопекарных дрожжей нарезка 350г,4287370,шт,1.0,350 г,350.0,6.5,1.0,56.0,260.0,8.0
Хлеб Коломенское Даниловский зерновой 300г,3696941,шт,1.0,300 г,300.0,9.5,6.0,46.0,280.0,8.0
Хлеб Хлебный Дом Геркулес зерновой нарезка 250г,3424506,шт,1.0,250 г,250.0,10.1,8.2,39.5,284.0,6.0
Хлеб Сибирский пекарь зерновой мультизлаковый со льном нарезка 280г,4103219,шт,1.0,280 г,280.0,6.2,2.3,48.9,228.0,3.33
Хлеб сандвичный Harry's American Sandwich пшеничный нарезка 470г,2061861,шт,1.0,470 г,470.0,8.0,6.0,48.0,278.0,5.0
Хлеб сандвичный Harry's American Sandwich пшеничный с отрубями нарезка 515 г,2061863,шт,1.0,515 г,515.0,9.5,7.0,42.0,270.0,5.33
Хлеб Рижский хлеб Ароматный ржано-пшеничный подовый с изюмом 300г,3994705,шт,1.0,300 г,300.0,8.1,1.0,51.0,245.0,7.0
Хлеб Рижский хлеб ржаной со злаками 300г,4138140,шт,1.0,300 г,300.0,7.5,6.5,40.5,250.0,8.0
Хлеб Рижский хлеб Юбилейный бездрожжевой 205г,3682239,шт,1.0,205 г,205.0,6.5,7.5,52.0,300.0,7.0
Лепешки Mission пшеничные оригинальные 250г,3439566,шт,1.0,250 г,250.0,7.0,7.0,46.0,280.0,7.0
Лаваш тонкий Коломенское армянский 360г,3497959,шт,1.0,360 г,360.0,10.0,3.0,70.0,350.0,7.0
Лепешки Mission Тортильи со вкусом сыра 250г,4331656,шт,1.0,250 г,250.0,7.0,7.0,48.0,290.0,6.0
Лепешки Delicados Tortillas мексиканские 400г,2039589,шт,1.0,400 г,400.0,7.0,7.0,48.0,290.0,6.0
Лаваш Зерница Армянский тонкий 270г,4218727,шт,1.0,270 г,270.0,8.5,1.5,58.0,280.0,8.33
Лаваш Mission деревенский 3шт 270г,4096013,шт,1.0,270 г,270.0,8.0,7.0,47.0,290.0,7.67
Хлеб Нижегородский Хлеб 400г,3442335,шт,1.0,400 г,400.0,8.0,1.0,50.0,240.0,6.33
Лаваш Зерница Кавказский 280г,4218733,шт,1.0,280 г,280.0,8.5,1.0,57.0,270.0,8.0
Лаваш Рижский Хлеб 150г,4315606,шт,1.0,150 г,150.0,9.5,0.9,55.0,260.0,7.5
Булочка Bagerstat для хот-дога 4х60г,4256836,шт,1.0,241 г,241.0,7.0,3.0,50.0,260.0,3.67
Булочка Bagerstat для бургера с кунжутом 3х56г,4256835,шт,1.0,168 г,168.0,7.0,3.5,50.0,260.0,5.33
Круассан 7 Days с кремом Какао 4х65г,3441724,шт,1.0,4 шт,-1.0,7.0,28.0,42.0,452.0,3.0
Кекс Хлебный дом Ягодное Лукошко с вишней 2х70г,95713,шт,1.0,140 г,140.0,4.0,15.0,45.1,327.0,6.33
Мини-маффины Шарлиз с вареной сгущенкой 433г,3688436,шт,1.0,433 г,433.0,5.0,18.0,51.0,390.0,6.0
Ватрушка Хлебозавод №28 с творогом 80г,3017958,шт,1.0,80 мл,80.0,7.0,17.5,48.0,375.0,6.0
Мини-кексы Юбилейное с кусочками молочного шоколада 5х28г,4102088,шт,1.0,100 мл,100.0,53.0,21.0,53.0,425.0,5.0
Рулетики Хлебозавод №28 маковые 3х30г,2078424,шт,1.0,90 г,90.0,8.0,23.0,48.0,430.0,5.33
Кекс Шарлиз Мраморный с какао 225г,4152289,шт,1.0,225 г,225.0,5.5,20.0,50.0,400.0,7.0
Конвертик Мастер Пироговъ Венский с черникой 70г,3455635,шт,1.0,70 г,70.0,5.0,15.0,53.0,370.0,6.0
Плюшка Коломенское 150г,4036451,шт,1.0,150 г,150.0,7.5,9.0,62.0,360.0,3.0
Пирог Шарлиз Фруктовый Пай песочный с вишневым джемом 430г,4274338,шт,1.0,430 г,430.0,4.5,12.0,64.0,380.0,5.33
Кекс Хлебный Дом Ягодное Лукошко с черникой 2х70г,36647,шт,1.0,140 г,140.0,3.5,15.0,46.0,330.0,6.67
Пирог Сдобная Особа Австрийский штрудель вишня-ваниль 400г,3498660,шт,1.0,400 г,400.0,5.0,15.0,55.0,380.0,6.0
Пирожок Дом выпечки Слоеный с вишней 70г,4263367,шт,1.0,70 г,70.0,6.5,12.0,55.0,360.0,3.0
Конвертик Мастер Пироговъ абрикос-персик 70г,3690949,шт,1.0,70 мл,70.0,5.0,16.0,57.0,390.0,6.33
Хачапури Хлебозавод №28 с сыром и ветчиной 60г,4297873,шт,1.0,60 г,60.0,9.0,27.0,46.0,460.0,3.33
Булочки Коломенское с кардамоном 200г,3682240,шт,1.0,200 г,200.0,8.0,7.0,62.0,340.0,5.0
Кекс Хлебный Дом Василеостровский творожный 400г,2024155,шт,1.0,400 г,400.0,7.7,15.7,54.7,386.0,6.0
Слойка Хлебный Дом Сладкая клубника 55г,4311066,шт,1.0,55 г,55.0,5.0,14.0,57.0,370.0,5.33
Слойка Зерница Свердловская любимая 90г,3219581,шт,1.0,90 г,90.0,7.3,13.3,51.1,355.0,6.0
Слойка Мастер Пирогов с беконом и сыром 70г,4191063,шт,1.0,70 г,70.0,8.0,27.0,48.0,470.0,4.67
Сдоба Хлебозавод №28 с маком 80г,3017956,шт,1.0,80 г,80.0,8.0,11.0,53.0,350.0,4.67
Слойка Хлебный Дом Спелое яблоко 55г,4311068,шт,1.0,55 г,55.0,5.0,14.0,57.0,370.0,5.33
Булочка Зерница повышенной калорийности 100г,3219642,шт,1.0,100 г,100.0,7.6,10.0,53.8,336.0,3.0
Сочник Черемушки с вишней 2х60г,3498080,шт,1.0,120 г,120.0,5.2,9.3,74.7,406.0,5.33
Восточные сладости Милочка Пахлава 400г,4298341,шт,1.0,400 г,400.0,9.4,22.4,46.7,411.0,5.33
"Крекер Яшкино Французский хрустящий с кунжутом, 185г",3222305,шт,1.0,185 г,185.0,8.0,23.0,62.0,490.0,5.0
Крендельки Зерница с солью 100г,3636770,шт,1.0,100 г,100.0,10.0,5.0,70.0,360.0,8.0
Соломка Saltletts Мини-палочки соленые 70г,4247221,шт,1.0,70 г,70.0,9.5,6.0,72.0,380.0,4.0
Крекер Tuc со вкусом пиццы 100г,3490862,шт,1.0,100 г,100.0,8.4,22.0,63.0,482.0,4.67
Крекер Красная цена Рыбки 200г,2102998,шт,1.0,200 г,200.0,7.5,8.0,76.0,400.0,3.0
Хлебные палочки Saltletts Классические соленые 150г,55828,шт,1.0,150 г,150.0,11.0,6.0,73.0,400.0,8.0
Крекер Зерница с луком 200г,2102996,шт,1.0,200 г,200.0,8.0,23.0,58.0,480.0,6.0
Крендели Saltletts Классические с солью 150г,55849,шт,1.0,150 г,150.0,11.0,6.0,73.0,95.6,6.33
Крекер Tuc Мини со вкусом сыра соленый 110г,4352219,шт,1.0,110 г,110.0,8.5,23.0,63.0,497.0,5.33
Крекер Зерница с кунжутом и семенами льна 180г,3950922,шт,1.0,180 г,180.0,10.0,22.0,55.0,460.0,8.0
Соломка Жуковский Хлеб сдобная с ванилью 200г,3483753,шт,1.0,200 г,200.0,8.0,11.0,67.0,400.0,3.33
Соломка Жуковский Хлеб сдобная с маком 200г,3483752,шт,1.0,200 г,200.0,9.0,9.0,68.0,390.0,5.33
Хлебцы Хлебцы Молодцы Лайт ржаные вафельные хрустящие 70г,3154405,шт,1.0,70 г,70.0,10.1,4.8,65.3,345.0,8.0
Хлебцы Хлебцы Молодцы Фитнес линия цельнозерновые витамин плюс хрустящие 100г,2059458,шт,1.0,100 г,100.0,10.1,2.3,57.1,290.0,7.67
Хлебцы Dr.Korner Карамельные кукурузно-рисовые без глютена 90г,3617315,шт,1.0,90 г,90.0,7.0,2.0,70.0,320.0,6.33
Хлебцы  Вкус & Польза Ржаные вафельные хрустящие с витаминами и минералами 70г,4269959,шт,1.0,70 г,70.0,11.1,3.5,72.6,367.0,7.0
Хлебцы Dr.Korner гречневые с витаминами 100г,3275648,шт,1.0,100 г,100.0,12.0,3.0,52.0,280.0,8.0
Хлебцы Щедрые ржаные тонкие 170г,3497593,шт,1.0,170 г,170.0,11.0,2.5,64.0,320.0,6.67
Хлебцы Magic Grain мультизлаковые тыквенные семечки-семена льна-кунжут 160г,4101075,шт,1.0,160 г,160.0,13.0,19.0,54.0,439.0,7.67
Хлебцы Croisette ржаные тонкие 200г,4054469,шт,1.0,200 г,200.0,12.0,3.0,61.0,320.0,8.0
Хлебцы Вкусная фантазия Виктория овсяные вафельные 60г,3412323,шт,1.0,60 г,60.0,15.9,6.0,67.6,490.0,5.0
Хлебцы Вкус&польза с клетчаткой и луком хрустящие 70г,4371267,шт,1.0,70 г,70.0,10.0,9.0,63.0,370.0,6.67
Пончики Берлинские с вареной сгущенкой 2х65г,78025520,шт,1.0,130 г,130.0,7.5,22.0,58.0,460.0,5.33
Маффин с шоколадом 2х120г,78007940,шт,1.0,240 г,240.0,5.5,22.0,47.5,410.0,5.67
Донат с клубничной начинкой 70г,78034294,шт,1.0,70 г,70.0,5.5,9.0,48.0,290.0,4.33
Донат с шоколадной начинкой 70г,78034293,шт,1.0,70 г,70.0,5.5,9.0,48.0,300.0,6.0
Тараллини Trattoria Turatti классические 180г,4208806,шт,1.0,180 г,180.0,9.5,20.0,64.0,470.0,7.0
"Баранки Зерница сдобные, 350г",2085872,шт,1.0,350 г,350.0,8.5,8.0,62.0,350.0,7.5
Сушка Зерница Челночок 250г,3262394,шт,1.0,250 г,250.0,9.0,8.0,72.0,400.0,67.25
Сушки Семейка Озби ванильные 200г,10019,шт,1.0,200 г,200.0,9.3,5.4,74.6,384.0,4.0
Тараллини Trattoria Turatti с сыром 180г,4208800,шт,1.0,180 г,180.0,10.0,22.0,63.0,490.0,6.67
Мини-сушки Семейка Озби с маком 150г,3422692,шт,1.0,150 г,150.0,11.2,6.1,75.8,403.0,6.33
Баранки Зерница Сахарные с маком 350г,2085871,шт,1.0,350 г,350.0,9.0,4.5,67.0,340.0,7.67
Баранки Волжский Пекарь Волжские сдобные 350г,3401214,шт,1.0,350 г,350.0,9.0,2.0,70.0,330.0,6.0
Сушки Невская Сушка маковые 275г,29630,шт,1.0,275 г,275.0,11.0,4.5,72.0,370.0,7.0
Мини-сушки Семейка Озби соленые 150г,3422693,шт,1.0,150 г,150.0,10.1,4.7,71.0,366.0,6.67
Баранки Волжский пекарь горчичные 350г,3460325,шт,1.0,350 г,350.0,8.5,6.0,60.0,330.0,6.33
Сухари Красная цена Ванильные 350г,3660729,шт,1.0,350 г,350.0,9.0,9.4,74.2,418.0,4.4
"Сухари Зерница с изюмом, 250г",3413607,шт,1.0,250 г,250.0,9.0,4.0,70.0,350.0,7.0
Сухари Зерница с изюмом 300г,4208590,шт,1.0,300 г,300.0,12.0,10.0,70.0,380.0,5.33
Сухари Пшеницын Luxe с ароматом ванили cахарные 200г,4342330,шт,1.0,200 г,200.0,9.0,5.5,77.5,400.0,5.67
Тарталетки КиТ для икры 30шт.,2160788,шт,1.0,220 г,220.0,7.5,25.0,49.0,480.0,6.0
Тарталетки Кит для салата 15шт.,2160789,шт,1.0,250 г,250.0,7.5,25.0,49.0,480.0,4.33
Мини-тарталетки Meredo для икры 125г,4380162,шт,1.0,125 г,125.0,9.1,30.9,48.3,507.7,5.0
Лимоны,3294954,кг,0.25,Цена за 1 кг,250.0,1.1,0.3,9.0,29.0,8.0
Яблоки Голден,48188,кг,0.5,Цена за 1 кг,500.0,0.4,0.4,9.8,47.0,9.0
Апельсины,60526,кг,0.8,Цена за 1 кг,800.0,0.9,0.2,8.1,43.0,9.0
Яблоки Ред Делишес,4271772,кг,0.7,Цена за 1 кг,700.0,0.27,0.2,11.76,59.0,9.0
Киви,78647,кг,0.3,Цена за 1 кг,300.0,1.0,0.6,10.3,48.0,8.0
Груши Конференция,50911,кг,0.5,Цена за 1 кг,500.0,0.4,0.3,10.3,47.0,8.0
Гранат,79085,кг,0.7,Цена за 1 кг,700.0,1.7,1.2,19.0,83.0,7.33
Яблоки Гренни Смит,5793,кг,0.5,Цена за 1 кг,500.0,0.4,0.4,9.8,47.5,8.67
Грейпфрут красный,1705,кг,0.7,Цена за 1 кг,700.0,0.7,0.2,6.5,35.0,9.0
Хурма Шиш Бурун,4309366,кг,0.5,Цена за 1 кг,500.0,0.8,0.4,33.5,127.0,9.0
Помело розовое,29866,кг,1.8,Цена за 1 кг,1800.0,0.6,0.2,6.7,32.0,7.0
Свити,2629,кг,0.6,Цена за 1 кг,600.0,0.8,0.3,9.3,57.0,8.0
Лимоны Global Village Узбекистан 2шт.,3622614,шт,1.0,2 шт,-1.0,0.9,0.1,3.0,34.0,8.0
Бананы Global Village,809,кг,0.5,Цена за 1 кг,500.0,1.1,0.3,23.0,89.0,8.0
Виноград Шайн Мускат 500г,4367623,шт,1.0,500 г,500.0,0.8,0.2,18.1,69.0,6.67
Яблоко сезонное,807,кг,0.5,Цена за 1 кг,500.0,0.4,0.4,9.8,47.0,9.33
Яблоки фасованные,3016763,кг,1.2,Цена за 1 кг,1200.0,0.4,0.4,9.8,47.0,9.0
Яблоки Global Village Роял Гала,48637,кг,1.2,Цена за 1 кг,1200.0,0.3,0.3,14.0,52.0,9.0
Яблоко Global Village красное,609,кг,1.2,Цена за 1 кг,1200.0,0.4,0.4,9.8,47.0,8.67
Яблоки Global Village Голден,4125677,кг,1.3,Цена за 1 кг,1300.0,0.4,0.4,9.8,43.0,8.0
Яблоки Global Village Гренни Смит,4125676,кг,1.3,Цена за 1 кг,1300.0,0.44,0.19,13.6,58.0,8.33
Яблоки Симиренко фасованные,3647290,кг,1.2,Цена за 1 кг,1200.0,0.4,0.4,9.0,37.0,8.67
Мандарины,47642,кг,0.5,Цена за 1 кг,500.0,0.8,0.2,7.5,33.0,9.67
Мандарины Выгодно фасованные,34592,кг,1.3,Цена за 1 кг,1300.0,0.8,0.2,7.5,38.0,9.0
Мандарины Global Village отборные,53235,кг,1.2,Цена за 1 кг,1200.0,0.8,0.2,7.5,38.0,9.0
Лимон фасованный 3шт.,3470274,шт,1.0,3 шт,-1.0,0.9,0.1,3.0,34.0,8.0
Апельсины фасованные,60619,кг,1.7,Цена за 1 кг,1700.0,0.4,0.1,11.4,43.0,9.0
Мандарины Global Village Абхазия,4298532,кг,1.0,Цена за 1 кг,1000.0,0.8,0.2,7.5,33.0,9.67
Слива Темная круглая,4341511,кг,0.5,Цена за 1 кг,500.0,0.8,0.3,10.0,45.2,8.0
Груши Китайские,57165,кг,0.5,Цена за 1 кг,500.0,0.0,0.0,11.5,41.5,8.0
Груша сезонная,79222,кг,0.6,Цена за 1 кг,600.0,0.4,0.3,10.9,42.0,8.67
Манго спелое Египет,4307656,кг,0.7,Цена за 1 кг,700.0,0.5,0.3,11.5,67.0,9.0
Хурма,2576,кг,0.5,Цена за 1 кг,500.0,0.5,0.4,15.3,67.0,9.0
Авокадо Global Village Хасс 2шт.,3148279,шт,1.0,2 шт,-1.0,2.0,15.0,9.0,160.0,8.0
Хурма Плоская,4309370,кг,0.5,Цена за 1 кг,500.0,0.5,0.4,15.3,67.0,9.0
Киви спелое 250г,4042266,шт,1.0,250 г,250.0,0.8,0.4,8.1,47.0,9.0
Киви 450г,3385883,шт,1.0,450 г,450.0,0.8,0.4,8.1,47.0,9.0
Питахайя,328,кг,0.6,Цена за 1 кг,600.0,0.5,0.3,12.0,50.0,8.0
Хурма азербайджанская 1 упаковка,3653969,шт,1.0,300 г,300.0,0.5,0.3,15.3,67.0,7.0
Гранат Азербайджан,4377047,кг,0.5,Цена за 1 кг,500.0,0.7,0.6,14.5,72.0,8.0
Физалис 100г,3422282,шт,1.0,100 г,100.0,1.0,1.0,3.9,32.0,8.0
Хурма Global Village Персимон 4шт.,4376745,шт,1.0,1 кг,1000.0,1.0,1.0,1.0,1.0,7.33
Ядра арахиса Красная цена жареные соленые 80г,4018544,шт,1.0,80 г,80.0,28.3,48.7,9.9,590.0,6.33
Кешью Красная цена жареный 100г,3455557,шт,1.0,100 г,100.0,17.5,42.2,30.5,572.0,7.0
Орех Красная цена грецкий 100 г,3455568,шт,1.0,100 г,100.0,14.8,64.0,13.7,698.0,7.33
Фисташки Красная цена неочищенные жареные соленые 100г,4057612,шт,1.0,100 г,100.0,22.0,52.0,17.0,620.0,6.33
Орех грецкий очищенный,3902928,кг,0.2,Цена за 100 г,200.0,16.2,60.8,11.1,656.0,8.0
Ядра миндаля Красная цена жареные 100г,4070211,шт,1.0,100 г,100.0,19.0,55.0,17.0,640.0,6.67
Арахис Mixbar жареный соленый 150г,3453211,шт,1.0,150 г,150.0,25.0,52.0,17.0,640.0,5.0
Кешью,4064516,кг,0.1,Цена за 100 г,100.0,25.2,53.5,22.5,530.0,8.0
Фисташки неочищенные обжаренные подсоленные,3933060,кг,0.2,Цена за 100 г,200.0,20.2,45.3,16.6,560.0,8.0
Арахис Станичные жареный 200г,3928386,шт,1.0,200 г,200.0,31.0,51.0,9.2,642.0,8.0
Миндаль,4064518,кг,0.2,Цена за 100 г,200.0,18.8,57.7,13.8,649.0,8.0
Фисташки Mixbar жареные соленые 100г,3977825,шт,1.0,100 г,100.0,22.0,52.0,17.0,620.0,5.0
Грецкий орех Mix Bar 100г,3982582,шт,1.0,100 г,100.0,14.8,64.0,13.7,698.0,7.67
Орехи Красная цена Ядра фундука 100г,4060833,шт,1.0,100 г,100.0,15.0,62.0,9.5,660.0,7.0
Арахис жареный соленый,52542,кг,0.2,Цена за 1 кг,200.0,28.3,48.7,9.9,596.0,7.0
Кешью Mixbar жареный 150г,3982581,шт,1.0,150 г,150.0,26.0,55.3,13.0,650.7,6.0
Орех грецкий в скорлупе,4058481,кг,0.2,Цена за 100 г,200.0,17.0,56.0,8.0,630.0,7.0
Арахис MixBar хрустящий со вкусом сладкий чили 100г,4132830,шт,1.0,100 г,100.0,15.0,27.0,42.0,490.0,5.67
Миндаль Mixbar сладкий жареный 100г,3982866,шт,1.0,100 г,100.0,19.0,55.0,17.0,640.0,6.67
Орех Макадамия,4137255,кг,0.2,Цена за 100 г,200.0,0.0,0.0,0.0,0.0,7.0
Арахис Барбекю в хрустящей корочке жареный,4244294,кг,0.2,Цена за 100 г,200.0,6.97,24.36,60.08,486.29,5.33
Фундук,4064515,кг,0.2,Цена за 100 г,200.0,18.1,66.9,9.9,707.0,8.0
Ассорти орехово-фруктовое,4120399,кг,0.2,Цена за 100 г,200.0,12.5,26.8,31.3,415.0,8.0
Фундук Mixbar жареные ядра 100г,3982824,шт,1.0,100 г,100.0,18.0,56.7,13.1,632.0,8.0
Кукуруза От Мартина жареная отборная с солью 100г,3954225,шт,1.0,100 г,100.0,8.0,15.1,72.0,464.5,8.0
Арахис жареный со вкусом сметаны с зеленью,4375474,кг,0.2,Цена за 1 кг,200.0,28.0,48.0,15.0,620.0,5.0
Чернослив Красная Цена 100 г,3455562,шт,1.0,100 г,100.0,2.3,0.9,67.0,277.0,7.0
Манго сушеное,4306110,кг,0.2,Цена за 100 г,200.0,2.45,1.18,76.18,319.0,7.33
Абрикос Красная Цена сушеный 100г,3455566,шт,1.0,100 г,100.0,4.0,1.0,48.0,217.0,7.33
Курага,3262406,кг,0.2,Цена за 100 г,200.0,5.9,0.5,66.0,285.0,6.33
Изюм Красная цена 100г,3455550,шт,1.0,100 г,100.0,2.0,0.8,72.0,296.0,6.67
Изюм светлый,72511,кг,0.2,Цена за 100 г,200.0,2.0,0.5,72.0,296.0,8.0
Смесь Красная Цена Сухофрукты и орехи 100г,3455564,шт,1.0,100 г,100.0,13.5,46.1,29.4,590.0,7.67
Чернослив,3277711,кг,0.2,Цена за 100 г,200.0,2.2,0.4,63.8,241.0,7.0
Финики Mixbar 200г,3438657,шт,1.0,200 г,200.0,2.5,0.5,58.0,250.0,6.67
Финики,2092230,кг,0.3,Цена за 100 г,300.0,2.5,0.5,69.0,292.0,8.0
Смесь Mix Bar Коктейль сухофрукты и орехи 150г,3992940,шт,1.0,150 г,150.0,7.6,13.9,65.1,416.0,7.67
Изюм Mixbar сушеный без косточки светлый 150г,4271265,шт,1.0,150 г,150.0,2.3,0.5,65.8,281.0,6.67
Смесь фруктовая Mixbar Компотная 500г,4073615,шт,1.0,500 г,500.0,2.5,1.0,60.0,260.0,6.33
Смесь Mixbar из жареных орехов с цукатами 130г,3992925,шт,1.0,130 г,130.0,9.0,17.0,59.0,430.0,7.0
Цукаты Mixbar Ананас и папайя 150г,4026556,шт,1.0,150 г,150.0,0.0,0.0,90.0,360.0,5.33
Цукаты ананас,3016556,кг,0.2,Цена за 100 г,200.0,0.0,0.0,0.0,0.0,8.0
Изюм Mixbar Nature сушеный 150г,3986092,шт,1.0,150 г,150.0,2.5,0.2,63.0,264.0,8.0
Хурма сушеная,4350072,кг,0.2,Цена за 1 кг,200.0,1.7,0.6,58.9,274.0,7.33
Абрикос Mixbar сушеный 150г,3982861,шт,1.0,150 г,150.0,2.0,0.5,52.0,220.0,8.0
Клюква Вкус & Польза вяленая 150г,4377960,шт,1.0,150 г,150.0,2.0,0.0,84.0,344.0,7.33
Вишня Вкус & Польза вяленая 150г,4377961,шт,1.0,150 г,150.0,1.5,0.0,73.0,298.0,36.0
Финики 200г,1635,шт,1.0,200 г,200.0,2.5,0.5,69.0,292.0,8.0
Персики сушеные,4368355,кг,0.2,Цена за 1 кг,200.0,3.0,0.4,58.0,250.0,7.33
Семечки подсолнуха От Мартина полосатые с солью 150г,3661124,шт,1.0,150 г,150.0,17.1,34.5,5.4,386.0,3.67
Семечки От Мартина отборные жареные 100г,3072541,шт,1.0,100 г,100.0,20.7,52.9,5.0,578.0,4.33
Семечки От Мартина отборные с солью 200г,3669122,шт,1.0,200 г,200.0,20.7,52.9,5.0,578.0,4.33
Семечки От Мартина черные отборные жареные с морской солью 100г,3469303,шт,1.0,100 мл,100.0,20.7,52.9,5.0,578.0,5.67
Семечки От Мартина Отборные 250г,3669121,шт,1.0,250 г,250.0,20.7,52.9,5.0,578.0,5.67
Семечки Бабкины Семечки жареные 300г,85158,шт,1.0,300 г,300.0,27.0,49.0,8.5,581.0,7.0
Семечки От Мартина Полосатые СуперСоленые крупный калибр 150г,4316862,шт,1.0,150 г,150.0,16.0,23.0,3.5,290.0,6.33
Семечки От Мартина белые соленые 100г,3348828,шт,1.0,100 г,100.0,17.1,34.5,5.4,386.0,8.0
Семечки тыквенные От Мартина жареные неочищенные с солью 100г,3503953,шт,1.0,100 г,100.0,28.04,45.76,12.86,540.0,6.67
Семечки От Мартина черные отборные обжаренные с солью премиум 250г,4300514,шт,1.0,250 г,250.0,20.7,52.9,5.0,578.0,5.67
Семечки подсолнечника Джинн жареные 140г,3248290,шт,1.0,140 г,140.0,20.7,52.9,5.0,578.0,7.0
Семечки От Мартина отборные жареные 200г,3403508,шт,1.0,200 г,200.0,20.7,52.9,5.0,578.0,5.67
Семечки подсолнечные Mixbar жареные 200г,4082127,шт,1.0,200 г,200.0,20.7,52.9,3.4,537.0,7.0
Семечки От Мартина Полосатые отборные обжаренные без соли 150г,4264806,шт,1.0,150 г,150.0,22.8,49.6,19.5,570.0,6.67
Ядра Mixbar подсолнечника жареные с морской солью 70г,4207482,шт,1.0,70 г,70.0,21.0,52.0,3.4,570.0,8.0
Семена подсолнечника Mixbar жареные с добавлением морской соли 100г,4098157,шт,1.0,100 г,100.0,20.7,52.9,3.4,573.0,7.0
Семечки Золотая семечка 200г,3014404,шт,1.0,200 г,200.0,22.0,56.0,5.0,610.0,8.0
Семечки тыквы Молодежные обжаренные неочищенные с солью 100г,4247006,шт,1.0,100 г,100.0,28.4,45.76,12.86,540.0,8.0
Семена Красная Цена подсолнечные жареные 100г,3688850,шт,1.0,100 г,100.0,20.7,52.9,3.4,573.0,7.67
Семена Красная Цена тыквенные обжаренные 100г,3474695,шт,1.0,100 г,100.0,13.5,51.2,18.5,589.0,152.0
Семена подсолнечника Mixbar жареные 300г,4319513,шт,1.0,300 г,300.0,20.7,52.9,3.4,573.0,7.67
Ядра семян тыквы Mixbar Premium 150г,4125073,шт,1.0,150 г,150.0,30.0,49.0,11.0,610.0,8.0
Семечки Золотая Семечка подсолнечные обжаренные с морской солью 200г,3642467,шт,1.0,200 г,200.0,21.0,53.0,10.0,600.0,6.33
Смесь семян и ядер Вкус & Польза салатная с кунжутом 80г,4377602,шт,1.0,80 г,80.0,22.0,53.0,6.5,590.0,6.33
Семена Джинн подсолнечника жареные соленые 100г,4066289,шт,1.0,100 г,100.0,27.0,58.0,9.0,660.0,6.33
Семечки Золотая Семечка 75г,3012523,шт,1.0,75 г,75.0,22.0,56.0,5.0,610.0,8.0
Семена Станичные подсолнечника Восточные с морской солью 150г,4309484,шт,1.0,150 г,150.0,29.0,53.0,4.5,620.0,7.5
Авокадо,3644078,кг,0.4,Цена за 1 кг,400.0,2.0,20.0,6.0,212.0,8.0
Огурец Global Village Агромос длинный 1шт.,3333628,шт,1.0,250 г,250.0,3.0,0.5,3.0,15.0,9.0
Перец красный сладкий,43347,кг,0.4,Цена за 1 кг,400.0,1.3,0.1,5.3,27.0,9.0
Огурец Global Village среднеплодный гладкий 600г,1612,шт,1.0,600 г,600.0,0.7,0.1,3.6,16.0,9.0
Томаты Медовые черри красные круглые 200г,3676649,шт,1.0,200 г,200.0,0.8,0.1,2.8,15.0,8.0
Томат тепличный красный 600г,4106273,шт,1.0,600 г,600.0,0.6,0.0,3.8,14.0,8.0
Сельдерей стебель 1шт.,3305320,шт,1.0,1 шт,-1.0,0.8,0.2,2.1,12.0,8.67
Томаты Рост Медовые Черри оранжевые круглые 200г,4188460,шт,1.0,200 г,200.0,0.8,0.1,2.8,15.0,6.67
Перец микс 300г,1564,шт,1.0,270 г,270.0,1.1,0.2,5.4,27.0,8.0
Томаты Рост коричневые 350г,4364252,шт,1.0,350 г,350.0,0.6,0.2,4.2,19.9,8.0
Томаты Органза 350г,3639765,шт,1.0,350 г,350.0,1.1,0.2,3.8,24.0,8.0
Лук Ялтинский репчатый красный,3095107,кг,1.0,Цена за 1 кг,1000.0,1.4,0.2,8.2,41.0,8.67
Чеснок Фермерский 150г,51157,шт,1.0,150 г,150.0,6.0,0.5,33.0,149.0,8.33
Томаты,202,кг,0.5,Цена за 1 кг,500.0,0.9,0.2,3.9,24.0,8.0
Томаты Фламенко сливовидные красные 450г,4217380,шт,1.0,450 г,450.0,0.9,0.2,3.9,18.0,8.0
Томаты Global Village Черри тепличные красные 250г,4249270,шт,1.0,250 г,250.0,0.8,0.1,2.8,15.0,8.0
Томаты Черри на ветке 250г,4117042,шт,1.0,250 г,250.0,0.8,0.1,2.8,15.0,8.0
Томат сливовидный 600г,3648084,шт,1.0,600 г,600.0,1.0,0.3,5.0,23.2,8.0
Томаты коктейльные 350г,3961982,шт,1.0,350 г,350.0,0.6,0.2,4.0,19.9,8.0
Томаты Сладкая Ягода Черри красные в ассортименте 200г,4256604,шт,1.0,200 г,200.0,1.1,0.2,3.7,20.0,7.0
Огурцы среднеплодные,4314547,кг,0.6,Цена за 1 кг,600.0,0.8,0.1,3.4,16.5,8.67
Огурцы короткоплодные 450г,2250692,шт,1.0,450 г,450.0,0.8,0.1,2.5,16.0,8.0
Огурцы Global Village корнишоны премиум 300г,3604762,шт,1.0,300 г,300.0,0.7,0.1,3.7,10.0,7.33
Огурцы Люкс Луховицкие короткоплодные 450г,3673128,шт,1.0,450 г,450.0,0.8,0.1,2.8,15.0,8.67
Картофель,3953590,кг,1.0,Цена за 1 кг,1000.0,2.0,1.0,17.0,77.0,9.0
Картофель Красная цена фасованный,31893,кг,2.3,Цена за 1 кг,2300.0,2.0,0.4,16.3,77.0,9.0
Картофель красный мытый,3294644,кг,1.0,Цена за 1 кг,1000.0,0.2,0.1,17.0,77.0,9.0
Картофель мытый 2.5кг,3129175,шт,1.0,2.5 кг,5000.0,2.0,0.4,16.3,77.0,9.0
Картофель Сад и огород фасованный для варки 3кг,3193945,шт,1.0,3 кг,3000.0,2.0,0.4,16.0,77.0,9.0
Картофель мытый,3093966,кг,0.6,Цена за 1 кг,600.0,2.02,0.09,17.47,77.0,9.0
Картофель Бэби 1 кг,4264372,шт,1.0,1 кг,1000.0,2.0,0.4,16.3,330.0,9.0
Картофель крупный 2кг,3692897,шт,1.0,2 кг,2000.0,2.0,0.1,17.0,77.0,9.0
Картофель Сад и огород для жарки фасованный 3кг,3193948,шт,1.0,3 кг,3000.0,2.0,0.4,16.3,77.0,9.0
Картофель Чик-Чик 1кг,4265670,шт,1.0,1 кг,1000.0,2.0,0.4,16.3,330.0,9.0
Капуста белокочанная,198,кг,2.1,Цена за 1 кг,2100.0,1.8,0.2,4.7,28.0,9.67
Капуста Китайская,48687,кг,1.0,Цена за 1 кг,1000.0,1.5,0.2,2.2,13.0,9.0
Лук репчатый,197,кг,0.5,Цена за 1 кг,500.0,1.1,0.1,9.0,40.0,8.67
Чеснок свежий 100г,3044397,шт,1.0,100 г,100.0,6.5,0.5,29.9,149.0,8.0
Чеснок,53480,кг,0.1,Цена за 1 кг,100.0,6.0,0.5,33.0,143.0,9.0
Лук красный,18387,кг,0.5,Цена за 1 кг,500.0,1.4,0.0,9.1,42.0,8.0
Лук белый,43819,кг,0.4,Цена за 1 кг,400.0,1.4,0.2,8.2,41.0,7.0
Лук репчатый красный 500г,3356370,шт,1.0,500 г,500.0,1.4,0.0,9.1,42.0,8.0
Лук Ялтинский репчатый красный 450г,3663109,шт,1.0,450 г,450.0,1.8,0.2,7.3,32.0,9.0
Лук репчатый 600г,3368253,шт,1.0,600 г,600.0,1.1,0.1,9.0,40.0,8.0
Чеснок Фермерский Чеснок отборный 1шт.,4018137,шт,1.0,1 шт,-1.0,6.5,0.5,29.9,149.0,8.0
Перец Рамиро 210г,4025761,шт,1.0,210 г,210.0,1.3,0.1,5.2,30.0,8.0
Перец Тайский жгучий 30г,4322343,шт,1.0,30 г,30.0,10.58,5.81,69.86,324.0,7.0
Морковь,2138999,кг,0.5,Цена за 1 кг,500.0,0.9,0.2,10.0,41.0,9.0
Свекла,88570,кг,0.5,Цена за 1 кг,500.0,1.6,0.2,9.6,43.0,8.0
Свекла мытая фасовка 1кг,3063697,шт,1.0,1 кг,1000.0,1.8,0.1,9.8,48.0,6.67
Редис красный 500г,77001549,шт,1.0,500 г,500.0,0.7,0.1,3.4,16.0,9.0
Редис красный 125г,3267174,шт,1.0,125 г,125.0,1.2,0.1,3.4,19.0,8.0
Редька зеленая,3312878,кг,0.5,Цена за 1 кг,500.0,2.0,0.2,6.5,32.0,8.0
Редис Дайкон,3204825,кг,0.6,Цена за 1 кг,600.0,1.2,0.0,4.1,21.0,8.0
Морковь мытая в подложке 600г,3658261,шт,1.0,600 г,600.0,1.3,0.1,6.9,32.0,9.0
Кабачки,3965,кг,0.5,Цена за 1 кг,500.0,0.6,0.3,4.6,24.0,9.0
Баклажан,45656,кг,0.5,Цена за 1 кг,500.0,1.0,0.2,2.9,25.0,8.0
"Зелень Global Village Ассорти лук, укроп и петрушка 70г",3043871,шт,1.0,70 г,70.0,2.5,0.3,5.3,34.0,7.0
Лук Global Village зеленый 100г,3064021,шт,1.0,100 г,100.0,1.3,0.1,3.2,20.0,8.0
Укроп Global Village 100г,71029,шт,1.0,100 г,100.0,2.5,0.5,6.3,38.0,8.67
Кинза Global Village 30г,48680,шт,1.0,30 г,30.0,2.1,0.5,1.9,23.0,8.0
Петрушка Global Village 30г,48681,шт,1.0,30 г,30.0,3.7,0.4,7.6,36.0,9.0
Лук зеленый 50г,86310,шт,1.0,50 г,50.0,1.3,0.0,4.6,19.0,8.0
Петрушка Global Village 100г,3043867,шт,1.0,100 г,100.0,3.7,0.4,7.6,49.0,7.67
Зелень Global Village Укроп и лук 50г,4265957,шт,1.0,50 г,50.0,0.0,0.0,0.0,0.0,10.0
Зелень Global Village Укроп и петрушка 50г,4265925,шт,1.0,50 г,50.0,0.0,0.0,0.0,0.0,10.0
Мята 30г,3358129,шт,1.0,30 г,30.0,3.7,0.9,6.9,70.0,8.0
Кинза Global Village 100г,76435,шт,1.0,100 г,100.0,2.1,0.5,3.7,23.0,7.0
Салат листовой в горшочке 1шт.,76432,шт,1.0,80 г,80.0,1.4,0.2,2.9,15.0,8.0
Салат Айсберг 1шт.,9210,шт,1.0,300 г,300.0,0.9,0.1,3.0,14.0,8.0
Салат Руккола 75г,3657675,шт,1.0,75 г,75.0,2.6,0.7,2.0,25.0,7.0
Салат Фриллис 1шт.,2177106,шт,1.0,100 г,100.0,0.6,0.1,5.4,24.7,9.0
Смесь Белая Дача Тоскана салатная 120г,3600689,шт,1.0,120 г,120.0,1.5,0.2,2.0,16.0,8.0
Смесь салатная Белая Дача Аликанте резаная 100г,3600712,шт,1.0,100 г,100.0,1.5,0.2,2.0,16.0,8.0
Салат Месклан 75г,3953361,шт,1.0,75 г,75.0,2.1,0.1,3.8,21.0,11.0
Салат айсберг Белая дача свежий листовой резаный 140г,4307021,шт,1.0,140 г,140.0,1.5,0.2,2.0,16.0,8.0
Салат-латук Джаз в горшочке 1шт,3685549,шт,1.0,170 г,170.0,1.4,0.1,2.9,15.0,7.67
Салат Маслянистый в горшочке 1шт.,4123523,шт,1.0,200 г,200.0,1.0,1.0,1.0,15.0,4.33
Салат Дуболистный зеленый 1шт.,3662524,шт,1.0,100 г,100.0,1.4,0.2,1.9,15.0,8.0
Смесь Белая дача Овощи По-Азиатски Вок из овощей свежих резаных 220г,4378357,шт,1.0,220 г,220.0,1.5,0.1,4.0,25.0,8.0
Кукуруза сахарная в початках вареная 1уп.,48589,шт,1.0,450 г,450.0,4.0,3.0,22.0,130.0,8.0
Морковь мини 250г,3463356,шт,1.0,250 г,250.0,0.9,0.2,10.0,42.0,8.33
Шампиньоны Global Village 400г,3655737,шт,1.0,400 г,400.0,2.1,0.3,2.6,22.0,8.0
Шампиньоны Global Village 250г,3357066,шт,1.0,250 г,250.0,3.1,0.3,3.3,22.0,8.0
Шампиньоны Global Village подрезанные мини 250г,4253756,шт,1.0,250 г,250.0,4.3,0.0,4.7,36.0,8.0
Грибы Экопродукт Ассорти сушеные 50г,59754,шт,1.0,50 г,50.0,15.0,4.0,6.0,120.0,8.0
Имбирь Global Village маринованный 250г,3631926,шт,1.0,250 г,250.0,0.3,0.3,3.3,15.0,7.75
Огурцы Global Village корнишоны соленые 500г,3688024,шт,1.0,500 г,500.0,1.0,0.0,1.5,10.0,8.0
Огурцы соленые Красная цена 1кг,3631966,шт,1.0,1 кг,1000.0,0.8,0.1,1.7,10.9,5.0
Капуста Традиции Вкуса Маринованная Diet 500г,4237816,шт,1.0,500 г,500.0,0.9,0.05,2.4,14.0,8.0
Перец Гурме острый соленый 400г,3914343,шт,1.0,400 г,400.0,1.3,0.1,4.8,26.0,11.75
Томаты Global Village черри красные соленые 500г,3688023,шт,1.0,500 г,500.0,0.8,0.0,1.6,15.0,8.0
Ассорти овощное Гурме соленое перец-чеснок-черемша 400г,4025129,шт,1.0,400 г,400.0,4.5,0.9,3.3,29.4,7.67
Хренодер Global Village классический упаковка в ассортименте 200г,3631962,шт,1.0,200 г,200.0,1.3,0.2,5.7,30.6,5.0
Палочки сдобные Шарлиз Снежка с малиновым джемом 370г,3964790,шт,1.0,370 г,370.0,6.5,13.0,63.0,400.0,6.67
Печенье Шарлиз сдобное апельсин 137г,3607262,шт,1.0,137 г,137.0,3.5,4.5,60.0,294.0,6.67
Печенье Шарлиз Американо сдобное 250г,4201226,шт,1.0,250 г,250.0,5.5,24.0,60.0,480.0,5.0
Вафли Шарлиз Голландские с карамельной начинкой 290г,4221674,шт,1.0,290 г,290.0,5.5,15.0,67.0,430.0,6.67
Вафли Шарлиз Венские со сгущенкой 100г,3211784,шт,1.0,100 г,100.0,8.0,19.0,53.0,420.0,6.0
Печенье сдобное Шарлиз Курабье с вишневой начинкой 180г,3986091,шт,1.0,180 г,180.0,5.5,25.0,61.0,490.0,5.0
Сдобные палочки Шарлиз Снежка с абрикосовым джемом 370г,3964791,шт,1.0,370 г,370.0,6.5,13.0,63.0,400.0,7.0
"Мини-круассаны Шарлиз с варёной сгущёнкой, 200г",3900909,шт,1.0,200 г,200.0,7.0,26.0,46.0,446.0,5.33
Мини-рулеты Шарлиз Ягодное ассорти бисквитные 175г,4104572,шт,1.0,175 г,175.0,4.5,14.0,61.0,390.0,6.33
Печенье Шарлиз сдобное имбирное с корицей 230г,4271236,шт,1.0,230 г,230.0,7.0,12.0,70.0,420.0,6.33
Мини-маффины Шарлиз с клубничной начинкой 433г,3688438,шт,1.0,433 г,433.0,4.0,12.0,54.0,340.0,5.67
Вафли мягкие Шарлиз с суфле и карамелью 144г,4204100,шт,1.0,144 г,144.0,5.0,23.0,52.0,435.0,7.0
Вафли мягкие Шарлиз Черника с суфле и начинкой 144г,4204122,шт,1.0,144 г,144.0,5.0,22.0,52.0,430.0,7.0
Торт Шарлиз медовик 350г,4181046,шт,1.0,350 г,350.0,5.0,28.0,49.0,470.0,4.67
Вафли мягкие Шарлиз Вишня с суфле 144г,4204116,шт,1.0,144 г,144.0,4.5,22.0,52.0,420.0,6.0
Печенье Зерница сахарное с изюмом 300г,4153795,шт,1.0,300 г,300.0,6.5,16.0,70.0,450.0,6.67
Рулет Cuisine Royale Сливочный сыр Маскарпоне бисквитный 200г,4191321,шт,1.0,200 г,200.0,5.0,19.0,54.0,400.0,6.0
Торт Шарлиз Наполеон слоеный 400г,4265624,шт,1.0,400 г,400.0,5.0,36.0,42.0,550.0,6.0
Торт вафельный Шарлиз Ореховый 230г,3637611,шт,1.0,230 г,230.0,5.0,36.0,53.0,555.0,5.33
Вафли Зерница со вкусом шоколада 200г,3908665,шт,1.0,200 г,200.0,4.5,30.0,61.0,530.0,5.0
Мини-круассаны Шарлиз с клубничной начинкой 200г,3900912,шт,1.0,200 г,200.0,5.0,15.0,57.0,383.0,5.67
Пряники Зерница со вкусом шоколада 400г,3926890,шт,1.0,400 г,400.0,6.0,5.5,80.0,385.0,7.33
Вафли Шарлиз Парижские сахарные 150г,4087587,шт,1.0,150 г,150.0,7.5,22.0,58.0,460.0,5.0
Вафли Зерница Топленое молоко 200г,3908663,шт,1.0,200 г,200.0,4.0,31.0,58.0,530.0,5.0
Пряник Зерница Тульский с фруктовой начинкой 140г,4138043,шт,1.0,140 г,140.0,6.0,6.0,73.0,370.0,6.67
Коржи для торта Шарлиз вафельные 140г,4101101,шт,1.0,140 г,140.0,10.0,2.0,67.0,330.0,3.33
Пряник Зерница Тульский с черносмородиновой начинкой 140г,4195425,шт,1.0,140 г,140.0,6.0,6.5,73.0,370.0,6.67
Вафли Cuisine royale сливочные рифленые 120г,4208248,шт,1.0,120 г,120.0,6.0,22.0,66.0,490.0,6.67
Вафли Зерница лимонные 200г,3948437,шт,1.0,200 г,200.0,3.0,35.0,55.0,550.0,84.9
Трубочка Шарлиз Абрикосик фруктовая 500г,4103485,шт,1.0,500 г,500.0,4.0,25.0,55.0,460.0,6.0
Торт вафельный Cuisine Royale вафельный с орехами и изюмом 270г,4208342,шт,1.0,270 г,270.0,8.5,29.0,52.0,500.0,4.33
Вафли Зерница с ароматом лесного ореха 200г,3939083,шт,1.0,200 г,200.0,3.5,35.0,55.0,550.0,6.33
Шоколад Alpen Gold молочный 80г,4329962,шт,1.0,80 г,80.0,5.4,28.0,62.0,522.0,6.0
Шоколад молочный Kinder Chocolate с молочной начинкой 100г,17333,шт,1.0,100 г,100.0,8.7,35.0,53.5,566.0,4.33
Шоколад Milka молочный 80г,4353891,шт,1.0,80 г,80.0,5.7,30.0,59.0,534.0,5.67
Шоколад Milka с цельным фундуком молочный 80г,4353876,шт,1.0,80 г,80.0,7.5,36.0,51.0,561.0,5.33
Шоколад Alpen Gold Оreo с начинкой со вкусом ванили и кусочками печенья молочный  85г,4353445,шт,1.0,85 г,85.0,4.4,30.0,61.0,538.0,4.33
Шоколад молочный Kinder Chocolate с молочной начинкой 50г,17342,шт,1.0,50 г,50.0,8.7,35.0,53.5,566.0,4.33
Шоколад Россия-Щедрая Душа Шоколадные пузырьки молочный и белый 75г,4121219,шт,1.0,75 г,75.0,5.7,31.0,60.0,542.0,6.67
Шоколад Россия-щедрая душа Шоколадные пузырьки белый пористый 75г,4332386,шт,1.0,75 г,75.0,4.9,31.0,62.0,545.0,6.67
Шоколад молочный Россия-Щедрая Душа с карамелью и арахисом 82г,4121218,шт,1.0,82 г,82.0,6.7,27.0,59.0,506.0,6.33
Шоколад Alpen Gold молочный Клубнично-йогуртовая начинка 80г,4329953,шт,1.0,80 г,80.0,3.9,33.0,59.0,552.0,5.67
Шоколад Alpen Gold Фундук молочный 80г,4329955,шт,1.0,80 г,80.0,6.1,30.0,58.0,533.0,6.33
Шоколад Воздушный белый пористый 80г,4357764,шт,1.0,80 г,80.0,4.4,27.0,66.0,528.0,6.0
Шоколад Россия-Щедрая Душа молочный 82г,4121223,шт,1.0,82 г,82.0,6.5,30.0,59.0,539.0,4.67
Шоколад Milka с фундуком молочный 80г,4353872,шт,1.0,80 г,80.0,6.4,32.0,56.0,545.0,6.67
Шоколад молочный Kinder Chocolate Country со злаками 23.5г,71031,шт,1.0,24 г,24.0,8.6,33.8,54.9,561.0,5.33
Шоколад Alpen Gold Фундук и изюм молочный 80г,4329958,шт,1.0,80 г,80.0,5.4,25.0,60.0,495.0,6.0
Шоколад молочный Степ Арахис и карамель 90г,4242775,шт,1.0,90 г,90.0,9.3,28.7,52.1,491.0,6.0
Шоколад Аленка молочный 75г,4371953,шт,1.0,75 г,75.0,7.0,32.0,56.0,540.0,7.0
Шоколад горький Россия-Щедрая Душа Российский 70% 82г,4121220,шт,1.0,82 г,82.0,11.0,41.0,31.0,569.0,22.5
Шоколад Alpen Gold Миндаль и кокос белый 80г,4329942,шт,1.0,80 г,80.0,5.9,31.0,59.0,541.0,6.0
Шоколад молочный Ritter Sport Цельный лесной орех 100г,3490515,шт,1.0,100 г,100.0,9.0,39.0,46.0,576.0,6.67
Шоколад молочный Россия-Щедрая Душа Кофе с молоком с добавлением кофе 82г,4121224,шт,1.0,82 г,82.0,7.0,29.0,55.0,517.0,6.0
"Шоколад молочный и белый Россия - Щедрая Душа Кокос, вафля 82г",4121217,шт,1.0,82 г,82.0,4.8,32.0,61.0,551.0,6.67
Шоколад молочный Левушка Детям с молочной начинкой 50г,4320658,шт,1.0,50 г,50.0,6.0,36.0,55.0,561.0,4.33
Шоколад Россия-Щедрая Душа молочный Шоколадные пузырьки пористый 75г,4121221,шт,1.0,75 мл,75.0,6.5,30.0,59.0,539.0,6.0
Шоколад белый Alpen Gold Пинаколада манго-ананас-маракуйя с кокосовой стружкой и воздушным рисом 80г,4147243,шт,1.0,80 г,80.0,4.5,27.0,64.0,519.0,5.0
"Шоколад Alpen Gold Maxfun c фруктовыми кусочками, взрывной карамелью и шипучими шариками молочный 140г",4357769,шт,1.0,140 г,140.0,4.8,25.0,64.0,505.0,5.0
Шоколад молочный Алёнка 15г,3601839,шт,1.0,15 г,15.0,7.0,34.0,53.0,550.0,6.0
Шоколад Milka Bubbles пористый молочный 72г,4353881,шт,1.0,72 г,72.0,5.7,30.0,59.0,534.0,6.0
Шоколад Milka с карамельной начинкой молочный 90г,3468707,шт,1.0,90 г,90.0,3.9,24.0,62.0,481.0,5.0
Шоколад Nelly молочный с молочной начинкой 100г,3638770,шт,1.0,100 г,100.0,3.5,35.0,55.0,561.0,6.33
Шоколад Alpen Gold Чернично-йогуртовая начинка молочный 80г,4329957,шт,1.0,80 г,80.0,4.0,33.0,59.0,551.0,4.5
Шоколад Аленка Много молока молочный 75г,4371954,шт,1.0,75 г,75.0,8.0,33.0,54.0,550.0,6.0
Шоколад Воздушный молочный пористый 80г,4357765,шт,1.0,80 г,80.0,5.3,27.0,62.0,522.0,6.33
Шоколад молочный Ritter Sport с клубнично-йогуртовой начинкой и кусочками клубники 100г,3921800,шт,1.0,100 г,100.0,6.0,36.0,53.0,561.0,6.33
Шоколад Бабаевский Люкс темный 90г,4262140,шт,1.0,90 г,90.0,5.5,33.0,52.0,540.0,7.0
Шоколад Ritter Sport Белый Цельный лесной орех и хлопья 100г,3490517,шт,1.0,100 г,100.0,7.9,40.0,48.0,584.0,6.33
"Шоколад Alpen Gold Maxfun со взрывной карамелью, мармеладом и печеньем молочный 140г",4357767,шт,1.0,140 г,140.0,5.1,23.0,65.0,498.0,6.67
Шоколад Коммунарка темный с пюре из клюквы 200г,4346488,шт,1.0,200 г,200.0,2.4,25.8,57.2,471.0,5.67
Шоколад Коммунарка Truffles с начинкой элит темный 200г,4347952,шт,1.0,200 г,200.0,5.4,36.0,51.5,552.0,6.67
Шоколад Milka Клубника со сливками молочный 80г,4353874,шт,1.0,80 г,80.0,3.9,29.0,61.0,526.0,5.33
Шоколад Milka с цельным миндалем молочный 80г,4353877,шт,1.0,80 г,80.0,8.6,34.0,51.0,551.0,6.67
Шоколад Вдохновение Классический 100г,11600,шт,1.0,100 г,100.0,7.5,40.0,43.0,580.0,7.67
Шоколад Alpen Gold молочный с начинкой со вкусом капучино 80г,4329960,шт,1.0,80 г,80.0,5.6,36.0,52.5,560.0,5.5
Шоколад Milka Extra с фундуком молочный 140г,4353889,шт,1.0,140 г,140.0,6.6,33.0,55.0,547.0,6.67
Шоколад Ulker молочный с ореховым кремом и цельным фундуком 75г,4316125,шт,1.0,75 г,75.0,7.1,33.0,50.0,535.0,7.0
Шоколад Milka Mmmax цельный фундук и карамель молочный 270г,4372538,шт,1.0,270 г,270.0,5.0,34.0,55.0,553.0,6.33
Шоколад Россия-Щедрая Душа Голд Gold Selection Вкус шампанское 240г,4364250,шт,1.0,204 г,204.0,6.4,31.0,54.0,528.0,5.33
Шоколад Россия-Щедрая Душа фундук с изюмом 82г,4121186,шт,1.0,82 г,82.0,6.5,29.0,59.0,525.0,6.67
Шоколад Alpen Gold МaxFun со взрывной карамелью шоколадным драже мармеладом и карамелью со вкусом апельсина белый 140г,4363968,шт,1.0,140 г,140.0,4.2,24.0,68.0,511.0,4.0
Шоколад Belgian Tradition темный с цедрой апельсина 100г,4317027,шт,1.0,100 г,100.0,4.9,28.8,52.7,508.0,5.67
Шоколад Россия-Щедрая душа Gold Selection Ар-р-рахис с соленой карамельной начинкой молочный 196г,4354959,шт,1.0,196 г,196.0,7.3,31.0,54.0,533.0,6.33
Шоколад Alpen Gold Два Шоколада молочный 85г,4356448,шт,1.0,85 г,85.0,4.1,30.0,62.0,540.0,6.67
Шоколад Milka Bubbles Пористый c кокосовой начинкой молочный 87г,4353884,шт,1.0,87 г,87.0,4.8,33.0,58.0,552.0,5.67
Шоколад Красный Октябрь Аленка молочный 200г,3426468,шт,1.0,200 г,200.0,7.0,34.0,53.0,550.0,6.67
Шоколад Belgian Tradition темный с вишней 100г,4317026,шт,1.0,100 г,100.0,5.5,32.2,48.9,528.0,6.0
Шоколад Славянка Левушка детям с начинкой со вкусом пломбира молочный 85г,4366514,шт,1.0,85 г,85.0,6.0,36.0,55.0,560.0,4.33
Шоколад Milka Mmmax молочный 260г,4358117,шт,1.0,260 г,260.0,5.7,30.0,59.0,534.0,6.33
Шоколад Milka Extra с цельным миндалем молочный 140г,4353888,шт,1.0,140 г,140.0,9.5,35.0,48.0,556.0,6.0
Шоколад Alpen Gold со вкусом чизкейка с добавлением сухого сыра и кусочками печенья Oreo молочный 85г,4353446,шт,1.0,85 г,85.0,4.6,30.0,60.0,537.0,6.33
Шоколад Россия-Щедрая душа Голд Селекшн с кусочками печенья и вкусом имбиря молочный и белый 196г,4356443,шт,1.0,196 г,196.0,7.6,33.0,53.0,547.0,6.67
Шоколад Коммунарка темный с пюре из черной смородины 200г,4346491,шт,1.0,200 г,200.0,2.4,25.8,57.2,471.0,5.67
Шоколад Cuisine Royale молочный с цельным фундуком 175г,4229183,шт,1.0,175 г,175.0,6.4,37.0,51.0,568.0,6.67
Плитка кондитерская Красная Цена молочная 100г,3682173,шт,1.0,100 г,100.0,2.0,30.0,66.0,540.0,7.0
Шоколад Milla Vanilla пористый молочный 85г,4329626,шт,1.0,85 г,85.0,5.0,27.0,61.0,510.0,6.33
Шоколад Ritter Sport Соленый Миндаль с Медом молочный 100г,4258929,шт,1.0,100 г,100.0,9.0,35.0,50.0,551.0,7.0
Плитка Ulker Caramio молочная с карамельной начинкой 55г,4316124,шт,1.0,55 г,55.0,6.5,26.0,63.0,515.0,5.33
Шоколад Славянка Левушка детям с клубничной начинкой молочный 85г,4366513,шт,1.0,85 г,85.0,6.0,36.0,55.0,560.0,4.33
Шоколад На меду Вкус & Польза белый 37% 60г,4376446,шт,1.0,60 г,60.0,9.0,46.0,38.0,600.0,7.0
Шоколад Bucheron Blanc Edition молочный 85г,4354622,шт,1.0,85 г,85.0,5.5,30.0,58.0,525.0,5.67
Шоколад Cuisine Royale молочный 175г,4229184,шт,1.0,175 г,175.0,5.0,29.0,62.0,529.0,6.33
Шоколад Bucheron Blanc Edition с орехами молочный 85г,4335315,шт,1.0,85 г,85.0,7.0,31.0,55.0,530.0,4.33
Шоколад Alpen Gold Нежная клубника молочный 85г,4356447,шт,1.0,85 г,85.0,4.3,30.0,61.0,538.0,5.67
Шоколад Milka Mmmax арахис-карамель молочный 270г,4372537,шт,1.0,270 г,270.0,8.2,33.0,51.0,543.0,5.67
Шоколад Alpen Gold с шоколадной начинкой и кусочками печенья Орео молочный 85г,4353447,шт,1.0,85 г,85.0,4.8,29.0,61.0,527.0,6.0
Шоколад На меду Вкус & Польза горький 70% 60г,4376375,шт,1.0,60 г,60.0,8.0,42.6,36.0,560.0,6.33
Шоколад Россия - щедрая душа! Gold Selection молочный с цельным фундуком 85г,4261602,шт,1.0,85 г,85.0,7.7,34.0,52.0,557.0,6.0
Шоколад Milka Extra с фундуком и изюмом молочный 140г,4353887,шт,1.0,140 г,140.0,5.9,28.0,57.0,513.0,6.0
Шоколад Спартак горький с апельсином 95г,4334690,шт,1.0,95 г,95.0,5.5,30.0,53.0,520.0,4.67
Шоколад Спартак молочный с соленой карамелью 95г,4334695,шт,1.0,95 г,95.0,5.5,31.0,58.0,540.0,6.0
Шоколад Спартак молочный 95г,4382199,шт,1.0,95 г,95.0,6.0,34.0,55.0,540.0,6.67
Шоколадный батончик Snickers Super 80г,4133363,шт,1.0,80 г,80.0,8.0,25.4,58.8,499.0,4.0
Батончик шоколадный Picnic грецкий орех 52г,3419777,шт,1.0,52 г,52.0,5.6,27.0,57.5,495.0,6.67
Конфеты вафельные Славянка Обыкновенное чудо сливочные 55г,3444677,шт,1.0,55 г,55.0,6.0,29.0,56.0,510.0,4.67
Батончик вафельный Kinder Bueno 43г,58314,шт,1.0,43 г,43.0,8.6,37.3,49.5,572.0,5.33
Шоколад Kinder Макси молочный с молочной начинкой 21г,2134727,шт,1.0,21 г,21.0,8.7,35.0,53.5,566.0,3.67
Шоколадный батончик Twix Xtra Соленая карамель  82г,4275607,шт,1.0,82 г,82.0,4.1,23.7,64.8,492.0,3.33
Шоколад Snaq Fabriq молочный со сливочной начинкой 34г,4287178,шт,1.0,34 г,34.0,9.0,36.0,11.0,466.0,6.67
Конфеты Toffifee Лесной орех в карамели 125г,21473,шт,1.0,125 г,125.0,6.0,28.0,59.0,522.0,4.67
Конфеты Raffaello с цельным миндалем в кокосовой обсыпке 70г,3912029,шт,1.0,70 г,70.0,7.2,48.6,38.3,628.0,4.0
Конфеты Raffaello Миндаль и кокос 150г,18162,шт,1.0,150 г,150.0,7.4,483.0,38.6,627.0,4.67
Конфеты Milla Vanilla Трюфель классический 200г,4232923,шт,1.0,200 г,200.0,5.7,36.0,55.0,572.0,3.67
Конфеты Milla Vanilla с кокосовой стружкой 150г,4273338,шт,1.0,150 г,150.0,6.1,34.1,54.9,551.0,6.67
Набор конфет Merci шоколадные ассорти 8 видов шоколада 250г,22245,шт,1.0,250 г,250.0,7.4,36.3,49.7,562.0,5.0
Конфеты Ferrero Rocher Молочный шоколад и лесной орех 125г,3415206,шт,1.0,125 г,125.0,8.2,42.7,44.4,592.0,4.67
Набор конфет Коркунов из темного и молочного шоколада 165г,4297371,шт,1.0,165 г,165.0,6.7,36.0,50.3,559.0,6.33
Конфеты Комильфо Фисташка шоколадные с двухслойной начинкой 116г,5232,шт,1.0,116 г,116.0,8.2,40.0,46.0,584.0,4.67
"Конфеты Комильфо Дольче Че Лече c нежной начинкой со вкусом сливок, карамельной начинкой и с печеньем шоколадные 84г",4371600,шт,1.0,84 г,84.0,6.1,31.0,53.0,518.0,4.33
Набор конфет Красный Октябрь Третьяковская галерея ассорти в ассортименте 240г,3149767,шт,1.0,240 г,240.0,5.5,28.0,54.0,563.0,5.0
"Конфеты Henry Lambertz с марципаном, фисташкой и нугой, покрытые молочным и белым шоколадом 200г",4360749,шт,1.0,200 г,200.0,6.8,27.4,57.5,509.0,4.67
Конфеты Toffifee Рождественский Поезд 250г,3649018,шт,1.0,250 г,250.0,5.9,28.7,58.5,516.0,3.0
"Плитки шоколада Коркунов молочный, темный, молочный с дробленным фундуком 87г",4293140,шт,1.0,87 г,87.0,6.7,32.7,51.5,538.0,6.33
Конфеты Ferrero Rocher Молочный шоколад и лесной орех 200г,24705,шт,1.0,200 г,200.0,8.2,42.7,44.4,603.0,3.33
Конфеты Madame Pompadour с начинкой из вишневого сока и бренди в темном шоколаде 150г,4371815,шт,1.0,150 г,150.0,2.8,19.0,56.0,448.0,5.0
"Конфеты Milango Amber с фундуком, карамелью, нугой и молочным шоколадом 125г",4257855,шт,1.0,125 г,125.0,4.6,28.8,58.0,518.0,34.75
Конфеты Vandenbulcke Морские ракушки шоколадные с начинкой пралине 250г,4363370,шт,1.0,250 г,250.0,3.5,35.0,53.0,548.0,5.67
Набор кондитерской продукции Alpen Gold 152.45г,4377670,шт,1.0,153 г,153.0,5.9,29.0,58.0,527.0,5.67
Конфеты Рот Фронт батончики,3036204,кг,0.2,Цена за 100 г,200.0,10.7,29.5,53.2,514.0,4.67
Конфеты Конти Живинка со вкусом арбуза,3381876,кг,0.2,Цена за 100 г,200.0,0.0,0.3,80.0,310.0,5.33
Конфеты Акконд Отломи,3215871,кг,0.2,Цена за 100 г,200.0,9.0,24.0,52.0,460.0,3.33
Конфеты Snickers Minis,3215964,кг,0.2,Цена за 100 г,200.0,8.0,25.4,59.1,499.0,5.33
Конфеты Twix Minis шоколадные с карамелью,3215967,кг,0.2,Цена за 100 г,200.0,3.9,24.0,65.4,119.0,6.0
"Конфеты ДаЁжъ с карамелью, арахисом и криспи",3967887,кг,0.2,Цена за 100 г,200.0,7.5,27.0,53.0,480.0,6.0
Конфеты Яшкино Чио Рио,78001574,кг,0.2,Цена за 100 г,200.0,6.0,28.0,56.0,500.0,3.0
Конфеты Konti Золотая лилия,78005698,кг,0.2,Цена за 100 г,200.0,3.5,28.0,60.0,500.0,4.67
Конфеты Красная цена Молочные,4263859,кг,0.2,Цена за 100 г,200.0,1.5,4.0,87.0,390.0,5.67
Конфеты Озорная Пчелка желейные,3021051,кг,0.2,Цена за 100 г,200.0,0.1,0.1,82.6,332.0,5.33
Конфеты Золотой Степ Славянка глазированные,3661254,кг,0.2,Цена за 100 г,200.0,10.0,27.4,51.4,498.0,5.33
